0.001,1e-05,0.15079390213648433,0.0006735121441788324,8843.543520034485,2.577699817060995e-06,225383545.96736327,0.4673941191269654,106.64656602079049
0.001,1.2e-05,0.1507939021308065,0.0008082145729967069,8843.543519690678,3.2718839698706954e-06,213210950.95230016,0.5648774760719789,97.94021021109074
0.001,1.4e-05,0.1507939021240966,0.0009429170018048218,8843.543519284396,4.092283423199248e-06,198971411.1924606,0.6615342402332152,90.79236146295443
0.001,1.6e-05,0.15079390211635432,0.0010776194306015513,8843.543518815597,5.0388981770308335e-06,184741465.1705496,0.7519517383100336,84.96078979456797
0.001,1.8000000000000004e-05,0.15079390210757956,0.0012123218593852682,8843.543518284265,6.111728231372951e-06,171397133.3746397,0.8326748083570763,80.19655243027955
0.001,2e-05,0.15079390209777258,0.001347024288154346,8843.543517690432,7.310773586225273e-06,159239361.42858285,0.9021232396428447,76.28446994815022
0.001,2.2e-05,0.15079390208693322,0.0014817267169071576,8843.543517034082,8.636034241595223e-06,148306922.19407123,0.9601613006891867,73.05043194675818
0.001,2.4e-05,0.15079390207506177,0.001616429145642078,8843.543516315269,1.0087510197474619e-05,138527307.71277654,1.0075808808081852,70.35728532355279
0.001,2.6000000000000002e-05,0.1507939020621578,0.0017511315743574795,8843.543515533904,1.1665201453847445e-05,129787722.17240568,1.0456722789396782,68.09797087917104
0.001,2.8000000000000003e-05,0.15079390204822155,0.0018858340030517356,8843.543514690045,1.3369108010736585e-05,121967530.2753799,1.0758797788630405,66.18896102067083
0.001,3e-05,0.15079390203325313,0.00202053643172322,8843.543513783703,1.5199229868141518e-05,114952403.49130443,1.0996110681703135,64.5648428570712
0.002,2e-05,0.1507939020977726,0.0013470242878962306,8843.54351769044,1.031079926699811e-05,112691792.9183935,0.46739411839226713,106.64656618842855
0.002,2.4e-05,0.1507939020750617,0.0016164291453323394,8843.543516315254,1.3087535877711378e-05,106605467.98518807,0.5648774762532661,97.9402101796586
0.002,2.8e-05,0.15079390204822152,0.0018858340026903738,8843.543514690038,1.6369133690339796e-05,99485722.2260739,0.6615342384773809,90.79236170393415
0.002,3.2e-05,0.15079390201725223,0.0021552388599573214,8843.543512814813,2.0155592704918314e-05,92370736.72565901,0.7519517375681871,84.960789878387
0.002,3.600000000000001e-05,0.15079390198215348,0.00242464371712017,8843.543510689527,2.4446912921419012e-05,85698566.62925039,0.8326748083570763,80.19655243027955
0.002,4e-05,0.15079390194292558,0.0026940485741659055,8843.543508314217,2.9243094339844453e-05,79619678.1587127,0.9021244402255594,76.28446991147939
0.002,4.4e-05,0.15079390189956832,0.0029634534310815164,8843.543505688865,3.4544136960188836e-05,74153464.9599965,0.9601612993120595,73.05043205153197
0.002,4.8e-05,0.15079390185208197,0.003232858287853991,8843.543502813498,4.0350040782445764e-05,69263661.64291838,1.0075808772070889,70.35728557500988
0.002,5.2000000000000004e-05,0.15079390180046637,0.0035022631444703175,8843.543499688116,4.66608058066082e-05,64893861.00796673,1.0456722786179093,68.0979709001258
0.002,5.6000000000000006e-05,0.1507939017447214,0.0037716680009174807,8843.54349631267,5.34764320326685e-05,60983764.00979977,1.0758797788630405,66.18896102067083
0.002,6e-05,0.15079390168484721,0.00404107285718247,8843.543492687197,6.079691946061061e-05,57476204.25486924,1.0996110661182372,64.56484297756106
0.003,3e-05,0.15079390203325296,0.0020205364306907585,8843.543513783665,2.3199298346151596e-05,75127854.50533785,0.46739411875961623,106.64656610460952
0.003,3.6e-05,0.15079390198215345,0.0024246437163458236,8843.543510689515,2.9446955718168903e-05,71070314.70018154,0.5648774760719789,97.94021021109074
0.003,4.2000000000000004e-05,0.15079390192176323,0.0028287510017373867,8843.543507032819,3.683055079415126e-05,66323811.88106011,0.6615352472339374,90.79236165154725
0.003,4.8e-05,0.150793901852082,0.0032328582868215295,8843.543502813503,4.535008357407855e-05,61580490.78072944,0.7519517373827255,84.96078989934176
0.003,5.4000000000000005e-05,0.15079390177311,0.0036369655715543384,8843.543498031639,5.50055540579198e-05,57132377.688311964,0.8326748077043613,80.19655249314383
0.003,6e-05,0.15079390168484716,0.004041072855891893,8843.543492687188,6.579696224566424e-05,53079784.81521138,0.9021244400397044,76.28446992719546
0.003,6.599999999999999e-05,0.15079390158729364,0.004445180139790277,8843.543486780185,7.772430813726694e-05,49435642.939875156,0.9601612984857831,73.05043211439624
0.003,7.2e-05,0.1507939014804492,0.004849287423205576,8843.543480310598,9.078759173270325e-05,46175774.2309344,1.0075808760067235,70.35728565882891
0.003,7.800000000000001e-05,0.1507939013643141,0.0052533947060938715,8843.543473278458,0.00010498681303193754,43262573.91838212,1.0456722776526026,68.09797096299008
0.003,8.400000000000001e-05,0.1507939012388878,0.005657501988411244,8843.54346568369,0.00012032197203492327,40655842.967379205,1.07587977750059,66.18896110448986
0.003,8.999999999999999e-05,0.1507939011041707,0.006061609270113777,8843.54345752636,0.0001367930687416265,38317469.46893949,1.0996124826874056,64.56484306138009
0.004,4e-05,0.15079390194292552,0.0026940485721009826,8843.543508314207,4.124319704834662e-05,56345890.14057767,0.46739411866777897,106.64656612556428
0.004,4.8e-05,0.15079390185208197,0.0032328582853760842,8843.543502813505,5.235014348237067e-05,53302734.83662762,0.5648774760719789,97.94021021109074
0.004,5.6e-05,0.1507939017447214,0.0037716679980265887,8843.543496312666,6.547653472244885e-05,49742858.23672353,0.661534238859084,90.79236165154725
0.004,6.4e-05,0.15079390162084383,0.004310477709948396,8843.543488811703,8.062237076852538e-05,46185367.73229795,0.7519517373827255,84.96078989934176
0.004,7.200000000000002e-05,0.15079390148044922,0.004849287421037408,8843.543480310602,9.778765162052696e-05,42849282.39635043,0.8326748077043613,80.19655249314383
0.004,8e-05,0.15079390132353757,0.005388097131189523,8843.543470809367,0.00011697237727836258,39809838.33016438,0.9021244397918977,76.28446994815022
0.004,8.8e-05,0.1507939011501089,0.005926906840300642,8843.543460308005,0.0001381765477419472,37076731.852536075,0.9601612982103577,73.050432135351
0.004,9.6e-05,0.15079390096016335,0.006465716548266669,8843.543448806535,0.0001614001630111782,34631830.2822473,1.007580875331518,70.35728570597712
0.004,0.00010400000000000001,0.15079390075370055,0.007004526254983497,8843.543436304903,0.00018664322308592743,32446930.347511113,1.0456722763655268,68.0979710468091
0.004,0.00011200000000000001,0.15079390053072064,0.007543335960347034,8843.54342280312,0.00021390572796609611,30491881.968658015,1.0758797761381391,66.1889611883089
0.004,0.00012,0.15079390029122405,0.008082145664253176,8843.543408301264,0.00024318767765153662,28738101.841981232,1.0996110632631746,64.56484314519912
0.005,5e-05,0.1507939018267903,0.0033675607116654682,8843.543501282058,6.444249536496329e-05,45076712.90514204,0.4673941184611451,106.64656617271248
0.005,6e-05,0.1507939016848472,0.004041072851762048,8843.543492687191,8.179709915783899e-05,42642188.14484947,0.5648774757094046,97.94021027395502
0.005,7.000000000000001e-05,0.15079390151709637,0.0047145849906387125,8843.543482529643,0.00010230708545818794,39794286.70930668,0.6615342384010403,90.79236171441153
0.005,8e-05,0.15079390132353732,0.005388097128092139,8843.543470809338,0.00012597245426587046,36948294.20590698,0.7519517366408789,84.9607899831608
0.005,9e-05,0.15079390110417096,0.0060616092639190116,8843.543457526399,0.00015279320558069973,34279426.07841211,0.8326748068340746,80.19655257696286
0.005,0.0001,0.15079390085899655,0.0067351213979160085,8843.543442680728,0.00018276933940248065,31847870.64832029,0.9021244388006712,76.28447003196925
0.005,0.00010999999999999999,0.1507939005880142,0.00740863352987981,8843.543426272347,0.00021590085573097853,29661385.478996973,0.9601612971086559,73.05043221917003
0.005,0.00012,0.1507939002912239,0.008082145659607099,8843.543408301237,0.00025218775456594284,27705464.326691557,1.007580873906084,70.35728580551222
0.005,0.00013000000000000002,0.15079389996862602,0.008755657786894556,8843.543388767464,0.00029163003590710685,25957544.184125546,1.0456722747566825,68.0979711515829
0.005,0.00014000000000000001,0.15079389962022025,0.009429169911538861,8843.543367670984,0.00033422769975416426,24393505.52080215,1.0758797737538504,66.1889613349922
0.005,0.00015,0.1507938992460066,0.01010268203333669,8843.543345011796,0.00037998074610679264,22990481.412287444,1.0996110604081122,64.56484331283718
0.006,6e-05,0.15079390168484727,0.00404107284892278,8843.543492687199,9.279719328496009e-05,37563926.76730776,0.46739411839226713,106.64656618842855
0.006,7.2e-05,0.15079390148044913,0.00484928741484264,8843.543480310585,0.00011778782272857673,35535156.66806584,0.5648774755885464,97.94021029490978
0.006,8.400000000000001e-05,0.1507939012388878,0.005657501978654485,8843.543465683691,0.00014732220297947944,33161905.383792605,0.6615342382483591,90.79236173536628
0.006,9.6e-05,0.15079390096016318,0.0064657165400069765,8843.543448806511,0.0001814003340373464,30790245.075541817,0.7519517360844941,84.96079004602507
0.006,0.00010800000000000001,0.15079390064427522,0.007273931098548783,8843.543429679019,0.00022002221590180642,28566188.31344279,0.832674806154163,80.19655264244648
0.006,0.00012,0.15079390029122397,0.008082145653928563,8843.543408301246,0.0002631878485724463,26539892.126207862,0.9021244380572512,76.28447009483352
0.006,0.00013199999999999998,0.15079389990100964,0.008890360205794985,8843.54338467321,0.0003108972320487882,24717821.120214887,0.9601612960069541,73.05043230298907
0.006,0.000144,0.15079389947363178,0.00969857475379671,8843.543358794845,0.0003631503663302968,23087886.89612277,1.0075808724056272,70.35728591028601
0.006,0.00015600000000000002,0.1507938990090907,0.010506789297582406,8843.543330666194,0.0004199472514164339,21631286.771656774,1.0456722727858478,68.09797127993079
0.006,0.00016800000000000002,0.1507938985073863,0.01131500383680073,8843.543300287245,0.0004812878873065726,20327921.156115644,1.0758797720507869,66.18896143976599
0.006,0.00017999999999999998,0.15079389796851866,0.012123218371100353,8843.543267658013,0.0005471722740000214,19158734.404509813,1.0996110579099323,64.56484345952049
0.007,7.000000000000001e-05,0.15079390151709623,0.004714584983411483,8843.54348252962,0.0001263072907947804,32197651.34424199,0.4673941183004298,106.64656620938331
0.007,8.400000000000001e-05,0.15079390123888783,0.005657501973956786,8843.5434656837,0.0001603223141750128,30458705.516934276,0.5648774751051139,97.9402103787288
0.007,9.800000000000001e-05,0.15079390091009579,0.006600418961154637,8843.543445774836,0.00020052188725954337,28424490.204319745,0.6615342376376342,90.79236181918532
0.007,0.000112,0.15079390053072067,0.007543335944447129,8843.543422803124,0.00024690601004778376,26391638.51872944,0.7519517355049264,84.96079011150869
0.007,0.00012600000000000003,0.15079390010076227,0.008486252923276358,8843.543396768528,0.0002994746825390541,24485304.053336307,0.8326748057462161,80.19655268173665
0.007,0.00014000000000000001,0.15079389962022025,0.009429169897084401,8843.54336767098,0.00035822790473255116,22748478.869523983,0.902124436818218,76.28447019960731
0.007,0.000154,0.15079389908909502,0.010372086865313365,8843.543335510576,0.0004231656766274273,21186703.730536137,0.9601612942855452,73.0504324339563
0.007,0.00016800000000000002,0.1507938985073864,0.011315003827405334,8843.543300287258,0.0004942879982227039,19789617.17975824,1.0075808712052619,70.35728599410504
0.007,0.00018200000000000003,0.1507938978750944,0.012257920782802405,8843.54326200105,0.0005715948695173342,18541102.809835684,1.0456722708954556,68.09797140303999
0.007,0.00019600000000000002,0.1507938971922189,0.013200837730946656,8843.543220651916,0.0006550862905101637,17423932.344690185,1.0758770029209697,66.18896160740405
0.007,0.00021,0.1507938964587603,0.014143754671280193,8843.543176239928,0.0007447622611999702,16421772.229166448,1.0996124726946737,64.56484364811331
0.008,8e-05,0.1507939013235375,0.005388097114670144,8843.543470809363,0.00016497278787842257,28172945.072346892,0.4673932595562624,106.64656627224758
0.008,9.6e-05,0.15079390096016324,0.006465716528443411,8843.543448806513,0.00020940057347400209,26651367.360871047,0.5648765400210851,97.9402104311157
0.008,0.000112,0.1507939005307209,0.007543335937219902,8843.54342280316,0.00026190613826673195,24871428.925120205,0.6615342371795905,90.79236188204959
0.008,0.000128,0.15079390003521023,0.008620955340166814,8843.543392799242,0.00032248948225561074,23092683.65347413,0.7519517351571859,84.96079015079886
0.008,0.00014400000000000003,0.15079389947363184,0.009698574736451365,8843.54335879484,0.00039115060543945746,21424641.066164374,0.8326748044135895,80.19655281008454
0.008,0.00016,0.15079389884598518,0.01077619412524074,8843.543320789911,0.0004678895078169497,19904918.95192016,0.9021244358269913,76.28447028342634
0.008,0.000176,0.15079389815227048,0.011853813505702152,8843.543278784462,0.0005527061893865857,18538365.746227708,0.9601612927018489,73.05043255444616
0.008,0.000192,0.1507938973924879,0.012931432877002807,8843.543232778518,0.0006456006501467461,17315914.971471373,1.0075808688045311,70.3572861617431
0.008,0.00020800000000000001,0.15079389656663694,0.0140090522383099,8843.543182772,0.0007465728900956081,16223464.900614198,1.0456722683213044,68.09797157067806
0.008,0.00022400000000000002,0.1507938956747182,0.015086671588790648,8843.543128765024,0.00085562290923124,15245940.699683517,1.075879765749452,66.18896182742901
0.008,0.00024,0.15079389471673135,0.01616429092761224,8843.5430707575,0.0009727507075515053,14369050.607160036,1.0996110507722758,64.56484387861565
0.009000000000000001,8.999999999999999e-05,0.15079390110417082,0.006061609242237325,8843.543457526373,0.00020879368451746317,25042617.634358726,0.4673941177379265,106.6465663377312
0.009000000000000001,0.000108,0.15079390064427522,0.007273931077641442,8843.543429679026,0.00026502260059887235,23690104.259671226,0.5648765395943055,97.94021050511219
0.009000000000000001,0.000126,0.15079390010076224,0.008486252905931005,8843.543396768517,0.0003314749559645532,22107936.730989598,0.6615342365688655,90.79236196586862
0.009000000000000001,0.000144,0.15079389947363173,0.009698574725920258,8843.543358794826,0.0004081507506128689,20526829.88463711,0.7519517339980507,84.9607902817661
0.009000000000000001,0.000162,0.15079389876288404,0.01091089653642344,8843.543315758023,0.0004950499845419558,19044125.33992775,0.8326748033529277,80.19655291223899
0.009000000000000001,0.00017999999999999998,0.15079389796851875,0.012123218336254786,8843.54326765803,0.000592172657749683,17693261.21422006,0.9021244340923448,76.28447043010965
0.009000000000000001,0.00019799999999999996,0.15079389709053606,0.013335540124228546,8843.543214494877,0.0006995187702336471,16478547.240588784,0.9601612907738708,73.05043270112947
0.009000000000000001,0.000216,0.1507938961289362,0.014547861899158963,8843.543156268595,0.0008170883219912401,15391924.336448897,1.007582167658285,70.35728632938117
0.009000000000000001,0.000234,0.15079389508371877,0.015760183659860264,8843.543092979138,0.0009448813130195713,14420857.583489731,1.0456722657471533,68.09797173831612
0.009000000000000001,0.000252,0.15079389395488402,0.016972505405146707,8843.543024626526,0.0010828977433155011,13551947.199523048,1.0758797625136316,66.18896202649921
0.009000000000000001,0.00026999999999999995,0.15079389274243174,0.018184827133832515,8843.542951210744,0.0012311376128756532,12772489.331412183,1.0996110464896822,64.56484413007274
0.01,0.0001,0.1507939008589964,0.006735121365651596,8843.543442680708,0.00025776998069094846,22538355.940521438,0.46739411756573157,106.64656637702137
0.01,0.00012,0.15079390029122405,0.008082145620889805,8843.543408301257,0.00032718839551936174,21321093.855162118,0.5648774741382488,97.94021054636687
0.01,0.00014000000000000001,0.15079389962022025,0.009429169866368683,8843.54336767098,0.00040922834031160846,19897143.068626314,0.6615342359581405,90.79236204968765
0.01,0.00016,0.15079389884598526,0.010776194100461671,8843.543320789922,0.0005038898150652133,18474146.83710993,0.751951733117108,84.9607903813012
0.01,0.00018,0.15079389796851875,0.012123218321542218,8843.543267658031,0.0006111728197773039,17139712.748858776,0.8326748022650692,80.19655301701277
0.01,0.0002,0.15079389698782097,0.013470242527983763,8843.543208275336,0.0007310773544446334,15923935.068846194,0.9021244328533115,76.28447053488344
0.01,0.00021999999999999998,0.15079389590389167,0.014817266718159751,8843.543142641796,0.0008636034190635807,14830692.462177994,0.9601612887081801,73.05043285829015
0.01,0.00024,0.15079389471673155,0.01616429089044364,8843.543070757538,0.001008751013630136,13852731.83549804,1.0075808640030695,70.35728649701923
0.01,0.00026000000000000003,0.15079389342633956,0.017511315043208856,8843.542992622384,0.00116652013813989,12978771.762019765,1.0456722618859264,68.09797198977321
0.01,0.00028000000000000003,0.15079389203271648,0.01885833917482885,8843.542908236457,0.001336910792588092,12196752.393529158,1.0758797584262794,66.1889622779563
0.01,0.0003,0.1507938905358617,0.020205363283677058,8843.542817599671,0.001519922976969569,11495240.2977544,1.0996110418502056,64.5648444024846
0.011,0.00010999999999999999,0.1507939005880142,0.007408633484451517,8843.54342627234,0.00031190167637552585,20489414.49040838,0.4673941171983825,106.6465664608404
0.011,0.00013199999999999998,0.15079389990100964,0.008890360157527425,8843.543384673205,0.00039589795820168123,19382812.55641353,0.5648774736548163,97.9402106301859
0.011,0.000154,0.15079389908909505,0.01037208681761366,8843.543335510582,0.000495166291261678,18088311.828773707,0.6615342351947344,90.79236215446144
0.011,0.000176,0.1507938981522706,0.011853813462545274,8843.543278784475,0.0006097066755518807,16794678.920527704,0.7519517321897998,84.96079048607498
0.011,0.00019800000000000002,0.15079389709053614,0.013335540090157328,8843.543214494883,0.0007395191110681109,15581557.002909305,0.8326748007420675,80.19655316369608
0.011,0.00021999999999999998,0.15079389590389178,0.014817266698284873,8843.543142641814,0.000884603597805607,14476304.541758584,0.9021244308708583,76.2844707025215
0.011,0.00024199999999999997,0.15079389459233752,0.01629899328476297,8843.54306322527,0.0010449601357590485,13482447.627080593,0.9601612863670638,73.0504330364056
0.011,0.00026399999999999997,0.1507938931558733,0.01778071984742666,8843.542976245237,0.001220588724922587,12593392.495724555,1.0075808607020647,70.35728672752157
0.011,0.000286,0.15079389159449932,0.01926244638411102,8843.542881701756,0.0014114893652897526,11798883.333765464,1.0456722583464686,68.09797222027555
0.011,0.000308,0.15079388990821527,0.02074417289265108,8843.54277959477,0.0016176620568535928,11087956.62842644,1.0758769879340502,66.1889625294134
0.011,0.00032999999999999994,0.15079388809702132,0.0222258993708819,8843.542669924305,0.0018391067996065338,10450218.35446295,1.0996110364969633,64.56484471680596
0.012,0.00012,0.150793900291224,0.008082145598175657,8843.54340830125,0.0003711887715453672,18781963.19891423,0.4673941168310333,106.64656654465944
0.012,0.000144,0.15079389947363184,0.009698574686893226,8843.543358794848,0.00047115128860846016,17767578.142276186,0.5648774731713838,97.94021071400493
0.012,0.00016800000000000002,0.15079389850738656,0.011315003758746668,8843.543300287285,0.0005892888087636434,16580952.453509748,0.6615342345840095,90.79236223828048
0.012,0.000192,0.15079389739248802,0.012931432810925294,8843.543232778537,0.0007256013320057606,15395122.257587828,0.7519517310538474,84.96079061442288
0.012,0.00021600000000000002,0.1507938961289361,0.01454786184061841,8843.543156268577,0.0008800888583288716,14283093.838013392,0.832674799654209,80.19655326846987
0.012,0.00024,0.15079389471673146,0.016164290845015344,8843.543070757518,0.0010527513877262437,13269945.754179249,0.9021244288884052,76.28447087015957
0.012,0.00026399999999999997,0.15079389315587344,0.017780719821305396,8843.54297624526,0.00124358892019036,12358910.233743487,0.9601612838882349,73.05043322499841
0.012,0.000288,0.15079389144636224,0.019397148766677884,8843.542872731825,0.0014526014557128895,11543943.045759775,1.0075808580012424,70.35728691611439
0.012,0.00031200000000000005,0.150793889588198,0.021013577678322116,8843.542760217235,0.0016797889942847463,10815642.957688972,1.045670910058513,68.09797247173265
0.012,0.00033600000000000004,0.15079388758138074,0.02263000655342741,8843.542638701501,0.0019251515358959979,10163960.150182907,1.0758769824842613,66.18896286468953
0.012,0.00035999999999999997,0.1507938854259101,0.024246435389183058,8843.54250818457,0.002188689080535982,9579366.722739365,1.0996110307868385,64.56484505208209
0.013000000000000001,0.00013,0.15079389996862605,0.00875565770636258,8843.543388767466,0.0004356312661721676,17337196.712017175,0.4673941165555215,106.64656660752371
0.013000000000000001,0.000156,0.15079389900909088,0.010506789208326133,8843.543330666218,0.0005529483866987926,16400841.274377447,0.564876537634141,97.94021084497217
0.013000000000000001,0.000182,0.15079389787509437,0.012257920688848432,8843.543262001034,0.0006915958927615261,15305494.513626901,0.6615352419664269,90.7923623744864
0.013000000000000001,0.000208,0.15079389656663708,0.014009052144355931,8843.54318277202,0.0008515737843532853,14210882.027851041,0.7519517299642603,84.96079073753208
0.013000000000000001,0.00023400000000000002,0.15079389508371888,0.015760183571275097,8843.543092979146,0.0010328820614658883,13184394.246164592,0.8326747979136355,80.19655343610793
0.013000000000000001,0.00026,0.15079389342633953,0.017511314966032376,8843.542992622379,0.0012355207240900535,12249180.624311704,0.902124426905952,76.28447103779763
0.013000000000000001,0.00028599999999999996,0.15079389159449935,0.019262446325054233,8843.542881701758,0.001459489772215425,11408224.756189125,0.9601612810995523,73.05043343716534
0.013000000000000001,0.000312,0.15079388958819798,0.021013577644767127,8843.542760217244,0.0017047892058305492,10655947.336417437,1.0075808544001463,70.35728716757149
0.013000000000000001,0.00033800000000000003,0.15079388740743582,0.022764708921597505,8843.542628168874,0.001971419024922863,9983670.336511992,1.0456722503022464,68.0979727441445
0.013000000000000001,0.000364,0.1507938850522128,0.02451584015197184,8843.542485556665,0.002259379229478753,9382116.960725022,1.0758769773750845,66.1889631790109
0.013000000000000001,0.00039,0.1507938825225286,0.026266971332316567,8843.542332380543,0.0025686698194834685,8842492.257482396,1.099611024719831,64.56484540831298
0.014,0.00014000000000000001,0.15079389962022025,0.009429169808550854,8843.543367670985,0.0005052291602251544,16098825.489997797,0.46739411609633513,106.6465667122975
0.014,0.00016800000000000002,0.15079389850738636,0.011315003721165074,8843.543300287252,0.0006412892524281752,15229352.562863743,0.5648774718419444,97.94021094450727
0.014,0.00019600000000000002,0.15079389719221914,0.013200837606999692,8843.54322065195,0.000802087543194473,14212244.861235857,0.6615342327518346,90.79236248973757
0.014,0.000224,0.15079389567471818,0.015086671461591424,8843.543128765014,0.0009876240325145402,13195818.960540345,0.7519517286660289,84.96079088421538
0.014,0.00025200000000000005,0.15079389395488402,0.01697250528047702,8843.543024626517,0.0011978987203773415,12242651.741788557,0.8326747961730622,80.196553603746
0.014,0.00028000000000000003,0.15079389203271637,0.01885833905919319,8843.54290823644,0.0014329116067704189,11374239.088042608,0.9021232241549496,76.28447125782259
0.014,0.000308,0.15079388990821538,0.020744172793276693,8843.542779594787,0.0016926626916798403,10593351.48638043,0.9601612783797262,73.05043364409357
0.014,0.00033600000000000004,0.15079388758138068,0.02263000647826423,8843.542638701498,0.0019771519750901826,9894808.165150238,1.0075808507990502,70.35728741902858
0.014,0.00036400000000000007,0.15079388505221272,0.02451584010969255,8843.542485556649,0.0022863794569845794,9270550.93896003,1.0456722454757132,68.09797305846587
0.014,0.00039200000000000004,0.1507938823207114,0.026401673683098384,8843.54232016022,0.0026203451373446873,8711965.6555282,1.0758769719252956,66.18896351428702
0.014,0.00042,0.15079387938687647,0.02828750719401845,8843.542142512175,0.00297904901615069,8210885.565034516,1.099611017582175,64.56484582740813
0.015,0.00015,0.15079389924600672,0.010102681904279038,8843.54334501181,0.000579982453671109,15025570.460493436,0.467394115728986,106.64656679611653
0.015,0.00017999999999999998,0.1507938979685187,0.012123218224748974,8843.543267658015,0.0007361738857485621,14214062.381665226,0.5648765364557762,97.94021104928106
0.015,0.00021,0.15079389645876037,0.014143754512281169,8843.543176239935,0.0009207637599967616,13264761.846543275,0.6615342317594067,90.7923626259435
0.015,0.00024,0.1507938947167315,0.01616429076138599,8843.543070757521,0.0011337520764031688,12316097.665606797,0.7519517272750668,84.96079104137607
0.015,0.00027,0.150793892742432,0.01818482696657381,8843.542951210773,0.0013751388349532575,11426474.911746679,0.8326747944324887,80.19655377138406
0.015,0.0003,0.15079389053586184,0.020205363122355005,8843.542817599688,0.0016449240356305986,10615956.422973683,0.9021232218007896,76.28447145689279
0.015,0.00032999999999999994,0.1507938880970214,0.02222589922323995,8843.542669924316,0.00194310767841683,9887127.986007864,0.9601587685122506,73.05043389555067
0.015,0.00035999999999999997,0.15079388542591038,0.024246435263739027,8843.542508184604,0.0022696897632916322,9235154.211353676,1.00758084629768,70.35728773334995
0.015,0.00039,0.15079388252252873,0.026266971238362604,8843.542332380559,0.0026246702902327675,8652514.129222153,1.0456722404882954,68.09797338326462
0.015,0.00042000000000000007,0.15079387938687647,0.02828750714162105,8843.542142512173,0.0030080492592160796,8131167.857193119,1.0758769661348953,66.18896387051791
0.015,0.00045,0.1507938760189539,0.030308042968024744,8843.541938579507,0.0034198266702154547,7663493.096543738,1.0996110104445191,64.5648462465033
0.016,0.00016,0.15079389884598524,0.010776193993085706,8843.543320789919,0.000659891146474369,14086472.286723463,0.4673941153616369,106.64656687993556
0.016,0.000192,0.1507938973924878,0.012931432718416765,8843.543232778493,0.0008376022866083729,13325683.463728575,0.5648774704520759,97.94021118548699
0.016,0.000224,0.15079389567471832,0.015086671403773599,8843.543128765032,0.0010476245430978343,12435714.18465872,0.6615342309196599,90.79236274119467
0.016,0.000256,0.15079389369267635,0.01724191004249383,8843.543008749455,0.0012899579159264818,11546341.516054831,0.7519517257913737,84.96079120901413
0.016,0.00028800000000000006,0.15079389144636246,0.01939714862791511,8843.542872731852,0.0015646024050755417,10712320.175060194,0.8326747921479861,80.19655399140902
0.016,0.00032,0.1507938889357761,0.021552387153375027,8843.542720712143,0.0018715580105237344,9952459.08371386,0.9021232190749202,76.28447168739513
0.016,0.000352,0.15079388616091727,0.02370762561221123,8843.542552690318,0.002210824732247279,9269182.420900252,0.9601612717695159,73.05043414700776
0.016,0.000384,0.1507938831217867,0.025862863997761363,8843.542368666514,0.002582402570219901,8657956.995992595,1.0075808423964927,70.3572880057618
0.016,0.00041600000000000003,0.15079387981838338,0.028018102303363015,8843.54216864054,0.0029862915244127865,8111731.91148745,1.045670890752405,68.09797372901812
0.016,0.00044800000000000005,0.15079387625070842,0.03017334052235386,8843.541952612588,0.0034224915947946785,7622969.772390684,1.0758769593226596,66.18896428961307
0.016,0.00048,0.15079387241876074,0.03232857864807147,8843.541720582498,0.0038910027813317642,7184524.675918815,1.0996110024146564,64.56484671798535
0.017,0.00017,0.1507938984201559,0.011449706074509415,8843.543295005315,0.0007449552385968023,13257856.218578476,0.46739411476469456,106.64656701614149
0.017,0.00020400000000000003,0.1507938967792937,0.013739647201507364,8843.543195648692,0.0009455744549524601,12541819.692668043,0.5648765350054811,97.94021130073816
0.017,0.000238,0.15079389484009278,0.01602958828055771,8843.543078227209,0.0011826698924222265,11704201.543056399,0.6615342296982101,90.79236290883273
0.017,0.00027200000000000005,0.15079389260255352,0.018319529303669195,8843.542942740918,0.001456241550985359,10867144.908019181,0.7519506467196205,84.9607913766522
0.017,0.00030600000000000007,0.15079389006667557,0.020609470262850538,8843.542789189782,0.0017662894306179372,10082183.63418911,0.8326736484767144,80.19655419047922
0.017,0.00034,0.15079388723245893,0.02289941115011047,8843.542617573774,0.0021128135312928273,9367020.24832598,0.9021232162251476,76.28447192837484
0.017,0.000374,0.15079388409990366,0.025189351957457726,8843.542427892928,0.0024958138529797384,8723936.320837319,0.9601612679092565,73.05043444070179
0.017,0.00040800000000000005,0.15079388066900998,0.027479292676901055,8843.542220147268,0.0029152903956451604,8148665.329501496,1.0075808375950313,70.35728834103793
0.017,0.00044200000000000006,0.15079387693977753,0.029769233300449158,8843.541994336729,0.003371243159252408,7634571.122956902,1.0456722297090382,68.097974085249
0.017,0.0004760000000000001,0.15079387291220667,0.032059173820110795,8843.541750461387,0.003863672143761615,7174559.691401195,1.075876952510424,66.18896470870823
0.017,0.00051,0.15079386858629712,0.034349114227894655,8843.541488521172,0.004392577349129701,6761905.476175087,1.0996109947416766,64.56484716851264
0.018000000000000002,0.00017999999999999998,0.15079389796851872,0.012123218148088732,8843.543267658013,0.0008351747299977938,12521308.607708914,0.4673941143514268,106.6465671104379
0.018000000000000002,0.000216,0.15079389612893615,0.014547861673359695,8843.543156268579,0.0010600903907221175,11845051.871571701,0.5648765341594755,97.94021144742146
0.018000000000000002,0.000252,0.15079389395488402,0.01697250514171423,8843.543024626513,0.0013258998078896373,11053968.067970054,0.6615342284767602,90.79236307647079
0.018000000000000002,0.000288,0.15079389144636243,0.01939714854366627,8843.542872731854,0.0016326029814743054,10263414.573097134,0.7519517227312569,84.96079155476764
0.018000000000000002,0.000324,0.15079388860337112,0.02182179186972973,8843.542700584525,0.0019801999114460404,9522062.25737111,0.832673646192215,80.19655441050418
0.018000000000000002,0.00035999999999999997,0.1507938854259101,0.02424643511041854,8843.54250818455,0.0023686905977707506,8846630.166374782,0.9021232132514718,76.28447217983194
0.018000000000000002,0.0003959999999999999,0.15079388191398005,0.02667107825624664,8843.542295532034,0.0027980750404103614,8239273.118447206,0.960158757770687,73.05043471278623
0.018000000000000002,0.000432,0.15079387806758016,0.029095721297727948,8843.542062626851,0.0032683532393227538,7695961.620161496,1.00758083279357,70.35728867631406
0.018000000000000002,0.000468,0.1507938738867107,0.03152036422537637,8843.541809469043,0.003779525194461829,7210428.194198215,1.0456722235954297,68.09797448338941
0.018000000000000002,0.000504,0.15079386937137174,0.03394500702970587,8843.541536058623,0.004331590905777468,6775972.945143746,1.0758769448466587,66.18896518019028
0.018000000000000002,0.0005399999999999999,0.15079386452156296,0.03636964970123033,8843.541242395531,0.00492455037321551,6386243.958533943,1.0996109853735037,64.56484771857504
0.019,0.00019,0.15079389749107386,0.012796730213362228,8843.543238748032,0.0009305496206342759,11862292.338588769,0.4673941138922404,106.64656721521169
0.019,0.000228,0.1507938954414155,0.015356076133312694,8843.543114638198,0.0011811500938550357,11221628.05772709,0.5648774680948703,97.94021159418662
0.019,0.000266,0.15079389301909193,0.0179154219863239,8843.542967962929,0.0014773142894148582,10472180.229531452,0.6615342272553104,90.79236324410886
0.019,0.000304,0.15079389022410333,0.020474767761239295,8843.542798722252,0.0018190422072813877,9723234.806922263,0.7519517210621023,84.96079174336046
0.019,0.000342,0.15079388705644944,0.023034113446902333,8843.542606916133,0.0022063338474172744,9020901.034277909,0.8326736441252869,80.19655460957438
0.019,0.00038,0.15079388351613052,0.025593459032156474,8843.542392544601,0.0026391892097802376,8381017.988036426,0.9021244103029069,76.28447244176641
0.019,0.00041799999999999997,0.1507938796031464,0.028152804505845168,8843.542155607649,0.003117608294322963,7805627.094359294,0.9601600067827698,73.05043503758498
0.019,0.000456,0.15079387531749708,0.030712149856811873,8843.541896105258,0.0036415911009931934,7290910.929073037,1.0075808273825482,70.35728905415453
0.019,0.0004940000000000001,0.15079387065918257,0.03327149507390004,8843.541614037438,0.004211137629733689,6830931.885430281,1.0456708727333712,68.09797490248457
0.019,0.000532,0.150793865628203,0.0358308401459531,8843.541309404209,0.004826247880482211,6419342.696377936,1.0758769375235058,66.18896563071758
0.019,0.00057,0.1507938602245581,0.03839018506181451,8843.540982205535,0.005486921853171566,6050125.753002881,1.0996095581871868,64.56484825816005
