0.001,1.2e-05,0.15079390213080673,0.0013077186493115742,8843.543519690716,3.2719741339989024e-06,213210950.95230016,0.7181326276620997,93.82592152338475
0.001,1.25e-05,0.1507939021292257,0.0013622069263578218,8843.543519594952,3.4652466264703077e-06,209734644.26740837,0.7618199861926591,91.69153970200568
0.001,1.3000000000000001e-05,0.1507939021275804,0.0014166952034030413,8843.543519495322,3.6664077920761818e-06,206181256.34697464,0.8065662797890992,89.6551873840508
0.001,1.35e-05,0.15079390212587046,0.0014711834804471903,8843.543519391766,3.8754576308495014e-06,202584373.5160992,0.852221575517373,87.71307686867658
0.001,1.4e-05,0.15079390212409685,0.00152567175749023,8843.543519284429,4.092396142790265e-06,198971411.1924606,0.8986269154454294,85.86122892331332
0.001,1.4500000000000002e-05,0.15079390212225802,0.0015801600345321173,8843.543519173103,4.317223327865487e-06,195364601.44185686,0.9493050814865877,84.09037795383483
0.001,1.5e-05,0.1507939021203546,0.00163464831157281,8843.543519057825,4.549939186141119e-06,191781683.92709133,1.0069250687656586,82.39222723292187
0.001,1.55e-05,0.15079390211838636,0.0016891365886122687,8843.543518938606,4.7905437175512e-06,188236928.6491919,1.052809511276391,80.78961591701955
0.001,1.6e-05,0.15079390211635393,0.0017436248656504515,8843.543518815537,5.039036922128705e-06,184741465.1705496,1.088661757260386,79.27504604798742
0.001,1.65e-05,0.15079390211425753,0.001798113142687319,8843.543518688637,5.295418799873633e-06,181303963.90155226,1.1365112134884996,77.81382026616484
0.001,1.7000000000000003e-05,0.15079390211209576,0.0018526014197228274,8843.543518557684,5.559689350785973e-06,177931029.89494544,1.1842014801693854,76.41909504774958
0.001,1.7500000000000002e-05,0.1507939021098703,0.0019070896967569384,8843.543518422994,5.8318485748657245e-06,174627567.0127025,1.2316066980712803,75.08730464731343
0.001,1.8000000000000004e-05,0.15079390210757967,0.0019615779737896083,8843.5435182843,6.111896472046916e-06,171397133.3746397,1.2785953684824725,73.81504732707981
0.001,1.8500000000000002e-05,0.1507939021052253,0.0020160662508207977,8843.543518141789,6.39983304246147e-06,168241986.33477035,1.3250503197674293,72.59907947387546
0.001,1.9e-05,0.15079390210280513,0.002070554527850462,8843.54351799515,6.6956582860104285e-06,165163634.0169821,1.370865572122686,71.43633423838764
0.001,1.95e-05,0.15079390210032173,0.0021250428048785663,8843.543517844866,6.999372202693801e-06,162162746.0400383,1.4159378323650893,70.32390653679613
0.001,2e-05,0.15079390209777227,0.002179531081905062,8843.543517690377,7.3109747925445465e-06,159239361.42858285,1.4601776922008969,69.2590526631102
0.003,3.6e-05,0.15079390198215337,0.003923155943654217,8843.543510689518,2.9447767195341152e-05,71070314.70018154,0.7181310026580278,93.82592135574669
0.003,3.7500000000000003e-05,0.15079390196792683,0.004086620774412989,8843.543509828074,3.1187219626463064e-05,69911558.25915667,0.761819978706239,91.69154060306028
0.003,3.9000000000000006e-05,0.1507939019531198,0.004250085605143986,8843.543508931509,3.299767011601902e-05,68727091.08188544,0.8065671258820394,89.65518792625517
0.003,4.05e-05,0.1507939019377318,0.004413550435846099,8843.54350799973,3.4879118663975716e-05,67528129.73413594,0.8522215702747569,87.7130774082616
0.003,4.2000000000000004e-05,0.15079390192176326,0.004577015266518217,8843.543507032804,3.6831565270332834e-05,66323811.88106012,0.8986269061246143,85.86122981389053
0.003,4.35e-05,0.15079390190521397,0.004740480097159229,8843.543506030763,3.8855009935123016e-05,65121532.192625664,0.9493050826693898,84.09037784906104
0.003,4.4999999999999996e-05,0.15079390188808323,0.0049039449277680155,8843.54350499337,4.0949452658279895e-05,63927235.02705178,1.006926909595184,82.39222814445384
0.003,4.65e-05,0.15079390187037345,0.0050674097583434845,8843.543503921099,4.3114893439869173e-05,62745646.785540834,1.0528104493490942,80.78961639897898
0.003,4.8e-05,0.15079390185208205,0.005230874588884508,8843.543502813527,4.5351332279890363e-05,61580490.78072944,1.0886617522244852,79.27504641469568
0.003,4.9500000000000004e-05,0.15079390183321018,0.005394339419389983,8843.543501670807,4.7658769178310146e-05,60434658.01853953,1.136511206143177,77.81382076907903
0.003,5.1000000000000006e-05,0.15079390181375713,0.005557804249858793,8843.54350049286,5.003720413512809e-05,59310349.70831425,1.1842014649076398,76.4190960326232
0.003,5.250000000000001e-05,0.15079390179372398,0.005721269080289834,8843.543499279831,5.248663715034379e-05,58209200.06873042,1.2316066700591735,75.0873063551262
0.003,5.4000000000000005e-05,0.15079390177310995,0.0058847339106819895,8843.54349803164,5.5007068223956815e-05,57132377.68831198,1.2785953678472748,73.81504736375064
0.003,5.550000000000001e-05,0.15079390175191504,0.006048198741034149,8843.54349674822,5.7598497355999694e-05,56080669.136114515,1.3250502972023994,72.59908071020618
0.003,5.7e-05,0.15079390173014018,0.006211663571345209,8843.543495429778,6.0260924546472e-05,55054551.25529584,1.3708666176029745,71.43633541185409
0.003,5.85e-05,0.15079390170778342,0.006375128401614042,8843.54349407595,6.299434979530722e-05,54054250.1412537,1.4159389104024291,70.32390687731095
0.003,6e-05,0.15079390168484733,0.006538593231839562,8843.543492687233,6.5798773102571e-05,53079784.81521138,1.4601776992694706,69.25905232783407
0.005,6e-05,0.15079390168484721,0.00653859322515534,8843.543492687191,8.179935326108822e-05,42642188.14484948,0.7181326289451818,93.82592135574669
0.005,6.25e-05,0.1507939016453292,0.006811034608486721,8843.543490294358,8.663116556465524e-05,41946934.023841806,0.7618199792285474,91.691540540196
0.005,6.500000000000001e-05,0.15079390160419762,0.007083475991689513,8843.54348780373,9.166019469694302e-05,41236254.00265261,0.8065671258820394,89.65518792625517
0.005,6.75e-05,0.15079390156145298,0.007355917374758581,8843.543485215445,9.688644065788314e-05,40516877.612504825,0.8522215696639667,87.71307747112587
0.005,7.000000000000001e-05,0.15079390151709637,0.007628358757688782,8843.543482529636,0.00010230990344753918,39794286.70930668,0.8986269057956443,85.86122984532267
0.005,7.25e-05,0.15079390147112545,0.007900800140474963,8843.543479745975,0.00010793058306587525,39072919.46751929,0.9493032664137371,84.09037799836369
0.005,7.5e-05,0.15079390142354288,0.008173241523111998,8843.543476864834,0.00011374847951292184,38356340.32524364,1.0069232057682946,82.39222813528613
0.005,7.75e-05,0.15079390137434687,0.008445682905594729,8843.543473885948,0.00011976359278864299,37647387.28936314,1.0528085614615985,80.7896163361147
0.005,8e-05,0.15079390132353715,0.008718124287918013,8843.543470809303,0.0001259759228930358,36948294.20590698,1.088661751361188,79.27504647755995
0.005,8.25e-05,0.1507939012711158,0.00899056567007672,8843.543467635202,0.00013238546982609724,36260794.862200044,1.1365092430652037,77.81382091576234
0.005,8.5e-05,0.15079390121707995,0.009263007052065689,8843.543464363189,0.0001389922335878571,35586209.78445504,1.1842014632840498,76.41909613739699
0.005,8.750000000000001e-05,0.15079390116143276,0.009535448433879795,8843.54346099375,0.00014579621417827934,34925519.79817531,1.2316066686843463,75.08730643894523
0.005,9e-05,0.15079390110417099,0.009807889815513872,8843.5434575264,0.00015279741159736037,34279426.07841211,1.2785953671184989,73.81504740582386
0.005,9.250000000000001e-05,0.1507939010452968,0.010080331196962791,8843.54345396145,0.00015999582584509702,33648401.11986653,1.325050296007218,72.5990807756898
0.005,9.5e-05,0.15079390098481013,0.01035277257822142,8843.543450298974,0.00016739145692155173,33032730.58388011,1.3708655467889697,71.4363355585374
0.005,9.75e-05,0.15079390092270997,0.010625213959284592,8843.5434465387,0.00017498430482662175,32432549.68900972,1.4159389097695578,70.32390690874308
0.005,0.0001,0.15079390085899613,0.01089765534014717,8843.543442680671,0.00018277436956033648,31847870.6483203,1.4601776963978625,69.25905246404
0.007,8.400000000000001e-05,0.1507939012388879,0.009154030485253938,8843.543465683706,0.00016032673221729938,30458705.516934276,0.7181326283036408,93.82592143956572
0.007,8.750000000000001e-05,0.1507939011614327,0.009535448419258066,8843.543460993747,0.00016979708431722932,29962095.38394114,0.7618199785321362,91.69154062401503
0.007,9.100000000000002e-05,0.15079390108081467,0.009916866352909346,8843.543456112111,0.00017965398140072696,29454467.081853945,0.8065671246566868,89.6551880624611
0.007,9.45e-05,0.15079390099703585,0.010298284286193692,8843.543451039186,0.000189897423467849,28940626.52423755,0.8522215688495797,87.7130775549449
0.007,9.800000000000001e-05,0.15079390091009584,0.010679702219096981,8843.543445774852,0.0002005274105185197,28424490.20431974,0.8986269051377044,85.86122990818694
0.007,0.0001015,0.15079390081999475,0.011061120151605097,8843.543440319128,0.00021154394255276177,27909227.82684297,0.9493050805403458,84.09037803765386
0.007,0.000105,0.1507939007267318,0.011442538083703928,8843.543434671934,0.00022294701957056476,27397385.659737114,1.0069232045038499,82.39222823875025
0.007,0.00010850000000000001,0.15079390063030712,0.011823956015379364,8843.543428833285,0.00023473664157188466,26890990.722564403,1.052808560369312,80.78961641993374
0.007,0.000112,0.15079390053072064,0.012205373946617274,8843.543422803114,0.00024691280855674316,26391638.51872944,1.0886617499223592,79.27504658233374
0.007,0.0001155,0.15079390042797364,0.012586791877403575,8843.543416581668,0.0002594755205251619,25900567.39323732,1.1365112027765707,77.81382099958137
0.007,0.000119,0.15079390032206402,0.012968209807724127,8843.543410168617,0.00027242477747702954,25418721.0347774,1.1842014610110239,76.4190962840803
0.007,0.00012250000000000002,0.1507939002129946,0.01334962773756485,8843.543403564407,0.00028576057941243315,24946799.58209795,1.2316066665361787,75.08730656991247
0.007,0.00012600000000000003,0.1507939001007624,0.013731045666911587,8843.543396768531,0.0002994829263312933,24485304.053336304,1.2785953649435138,73.8150475313887
0.007,0.00012950000000000003,0.1507938999853691,0.014112463595750253,8843.543389781302,0.0003135918182336303,24034571.871231936,1.3250502941427345,72.59908087784424
0.007,0.000133,0.1507938998668144,0.014493881524066722,8843.543382602636,0.0003280872551193646,23594807.479468465,1.3708655431698675,71.43633574713022
0.007,0.0001365,0.1507938997450982,0.014875299451846893,8843.543375232537,0.00034296923698861443,23166106.78939869,1.4159378202350645,70.32390713924542
0.007,0.00014000000000000001,0.15079389962022072,0.015256717379076652,8843.543367671053,0.0003582377638412664,22748478.86952398,1.4601754890536582,69.2590526631102
0.009000000000000001,0.00010800000000000001,0.15079390064427495,0.01176946771538899,8843.543429678977,0.00026502990389299736,23690104.25967123,0.7181310007334089,93.82592160720378
0.009000000000000001,0.00011250000000000002,0.15079390051623603,0.012259862197406053,8843.543421926068,0.0002806849756984094,23303851.983354628,0.7618199771393138,91.6915407916531
0.009000000000000001,0.00011700000000000002,0.15079390038297075,0.012750256678673211,8843.543413856634,0.00029697903002632095,22909029.83370837,0.8065671236198498,89.65518817771226
0.009000000000000001,0.00012150000000000001,0.15079390024447933,0.01324065115916048,8843.543405470782,0.0003139120668766404,22509376.130094223,0.8522215672208058,87.71307772258297
0.009000000000000001,0.00012600000000000003,0.15079390010076207,0.013731045638837864,8843.543396768495,0.0003314840862493741,22107936.730989598,0.8986269031638848,85.86123009677976
0.009000000000000001,0.00013050000000000003,0.15079389995181872,0.014221440117675364,8843.543387749762,0.00034969508814446115,21707177.133421328,0.949303263368027,84.0903782681562
0.009000000000000001,0.000135,0.15079389979764948,0.014711834595642986,8843.543378414635,0.0003685450725619386,21309077.648555636,1.0069269061379553,82.39222842734307
0.009000000000000001,0.0001395,0.15079389963825313,0.015202229072710722,8843.543368762877,0.00038803403950171076,20915214.87423691,1.0528095025380924,80.7896165875718
0.009000000000000001,0.00014400000000000003,0.1507938994736318,0.015692623548848598,8843.543358794832,0.0004081619889637142,20526829.884637117,1.0886617464691704,79.27504683379084
0.009000000000000001,0.00014850000000000003,0.15079389930378412,0.016183018024026607,8843.54334851034,0.0004289289209480486,20144885.716104973,1.1365072772327516,77.81382125103846
0.009000000000000001,0.00015300000000000003,0.15079389912870989,0.01667341249821475,8843.543337909301,0.00045033483545458224,19770116.27283829,1.1842014572767672,76.41909652506001
0.009000000000000001,0.00015750000000000003,0.15079389894841025,0.017163806971383033,8843.543326991912,0.0004723797324832813,19403066.311245486,1.2316066621539166,75.08730683708563
0.009000000000000001,0.00016200000000000003,0.15079389876288352,0.017654201443501452,8843.543315757915,0.0004950636120341438,19044125.339927755,1.2785953605878724,73.8150477828458
0.009000000000000001,0.00016650000000000004,0.1507938985721315,0.018144595914540037,8843.543304207637,0.0005183864741071343,18693555.864366263,1.325050289170779,72.5990811502561
0.009000000000000001,0.000171,0.15079389837615356,0.018634990384468773,8843.543292340933,0.0005423483187022157,18351516.793189112,1.3708655374396224,71.43633604573552
0.009000000000000001,0.0001755,0.15079389817494915,0.019125384853257665,8843.543280157679,0.0005669491458193498,18018082.93453748,1.4159388996436164,70.32390741165727
0.009000000000000001,0.00018,0.1507938979685188,0.019615779320876724,8843.543267658057,0.0005921889554584653,17693261.214220062,1.4601754824268804,69.25905297743157
0.011,0.00013199999999999998,0.15079389990100941,0.014384904906999495,8843.54338467316,0.00039590886806030044,19382812.556413528,0.7181326257374765,93.82592177484185
0.011,0.0001375,0.1507938997097414,0.014984275933609738,8843.543373091637,0.00041929483946069227,19066787.929424763,0.7618199753112346,91.69154101167805
0.011,0.000143,0.15079389951066619,0.015583646958850828,8843.543361037337,0.0004436353403055155,18743751.672973473,0.8065671213576604,89.65518842916936
0.011,0.00014849999999999998,0.15079389930378373,0.016183017982667986,8843.543348510244,0.00046893037059474543,18416762.2512471,0.8522215648794432,87.71307796356268
0.011,0.000154,0.15079389908909488,0.016782389005006483,8843.54333551056,0.0004951799303282901,18088311.82877371,0.8986269005321252,85.86123034823686
0.011,0.0001595,0.15079389886659897,0.01738176002581152,8843.543322038087,0.0005223840195060869,17760417.579489894,0.9493041675778209,84.09037854056805
0.011,0.00016499999999999997,0.15079389863629628,0.017981131045028336,8843.543308092923,0.0005505426381280388,17434699.87930299,1.0069231983576883,82.39222874166444
0.011,0.0001705,0.15079389839818702,0.01858050206260218,8843.543293675066,0.0005796557861941454,17112448.518575348,1.0528094995343023,80.78961681807414
0.011,0.000176,0.15079389815227048,0.01917987307847827,8843.543278784453,0.0006097234637043047,16794678.920527704,1.0886617430159813,79.27504708524793
0.011,0.0001815,0.1507938978985474,0.01977924409260185,8843.54326342117,0.000640745670658479,16482179.153190184,1.136510214657407,77.81382152345031
0.011,0.000187,0.1507938976370169,0.020378615104918143,8843.543247585098,0.0006727224070565285,16175549.616311803,1.1842014528930744,76.41909680794924
0.011,0.00019250000000000002,0.15079389736768078,0.020977986115372414,8843.543231276484,0.000705653672898445,15875235.97826042,1.231606656826461,75.08730716188438
0.011,0.00019800000000000002,0.15079389709053645,0.02157735712390984,8843.543214494925,0.0007395394681840826,15581557.002909306,1.2785953547803506,73.81504811812192
0.011,0.0002035,0.15079389680558555,0.022176728130475696,8843.543197240713,0.0007743797929134618,15294727.40706996,1.325050283051449,72.59908148553222
0.011,0.00020899999999999998,0.15079389651282799,0.022776099135015215,8843.543179513841,0.000810174647086368,15014877.279537959,1.3708665987032038,71.43633639672771
0.011,0.00021449999999999998,0.150793896212263,0.023375470137473608,8843.543161314126,0.0008469240307028152,14742067.770873128,1.4159399760987583,70.32390783075243
0.011,0.00021999999999999998,0.15079389590389122,0.02397484113779612,8843.543142641709,0.000884627943762684,14476304.541758584,1.4601776770697312,69.25905338081066
0.013000000000000001,0.00015600000000000002,0.15079389900909113,0.017000342051524446,8843.543330666254,0.0005529636244344565,16400841.27437745,0.7181326239732386,93.82592200534418
0.013000000000000001,0.00016250000000000002,0.15079389874194757,0.01770868961854817,8843.543314490313,0.0005856266752946828,16133435.804922856,0.7618199736572581,91.69154121074826
0.013000000000000001,0.00016900000000000004,0.1507938984639002,0.018417037183311915,8843.543297654094,0.0006196229119033704,15860097.417216055,0.8065671192839867,89.6551886596717
0.013000000000000001,0.0001755,0.150793898174949,0.019125384745725286,8843.543280157666,0.000654952334260407,15583414.073277684,0.852221562525356,87.71307820585207
0.013000000000000001,0.00018200000000000003,0.15079389787509437,0.0198337323056979,8843.543262001054,0.0006916149423656434,15305494.513626903,0.8986268979003658,85.86123059969395
0.013000000000000001,0.00018850000000000003,0.15079389756433556,0.020542079863139325,8843.54324318412,0.000729610736219024,15028045.536609095,0.949303256951337,84.09037883655401
0.013000000000000001,0.000195,0.15079389724267325,0.02125042741795919,8843.543223707009,0.0007689397158203908,14752438.22741336,1.006925046997962,82.39222901407629
0.013000000000000001,0.00020150000000000002,0.15079389691010683,0.02195877497006708,8843.543203569612,0.0008096018811696474,14479763.981988749,1.0528085521728978,80.78961704890389
0.013000000000000001,0.00020800000000000001,0.15079389656663683,0.022667122519372602,8843.543182771986,0.0008515972322665601,14210882.027851047,1.0886617384117292,79.27504742052406
0.013000000000000001,0.00021450000000000004,0.15079389621226308,0.023375470065785362,8843.543161314132,0.000894925769111123,13946459.148762865,1.1365072683571844,77.81382185872644
0.013000000000000001,0.00022100000000000003,0.15079389584698538,0.02408381760921495,8843.54313919602,0.0009395874917030936,13687003.380305374,1.1842014476975868,76.41909714322537
0.013000000000000001,0.00022750000000000005,0.15079389547080402,0.024792165149570982,8843.543116417717,0.0009855824000423582,13432891.850249914,1.231604619015704,75.08730750763789
0.013000000000000001,0.00023400000000000005,0.15079389508371824,0.025500512686763024,8843.543092979044,0.0010329104941287641,13184394.246164592,1.2785912135537598,73.81504851626232
0.013000000000000001,0.00024050000000000005,0.15079389468572993,0.02620886022070074,8843.543068880332,0.0010815717739621567,12941692.30091618,1.3250502754022868,72.59908190462738
0.013000000000000001,0.00024700000000000004,0.15079389427683693,0.026917207751293675,8843.543044121265,0.0011315662395424068,12704896.016446438,1.3708655228626832,71.43633680534549
0.013000000000000001,0.00025350000000000004,0.15079389385704015,0.02762555527845144,8843.543018701932,0.0011828938908692843,12474057.202957673,1.4159377978736278,70.32390824984759
0.013000000000000001,0.00026000000000000003,0.1507938934263394,0.02833390280208364,8843.542992622346,0.0012355547279426528,12249180.624311708,1.460175464755473,69.25905381562188
0.015,0.00017999999999999998,0.1507938979685186,0.019615779140402804,8843.543267658011,0.0007361941726734764,14214062.381665226,0.7181309956010921,93.82592227775604
0.015,0.0001875,0.15079389761285425,0.02043310324290037,8843.543246121988,0.0007796804828288287,13982310.977003286,0.7618199711327676,91.69154151459225
0.015,0.000195,0.15079389724267353,0.0212504273419262,8843.543223707038,0.0008249417444174227,13745417.714919338,,
0.015,0.0002025,0.1507938968579754,0.022067751437341417,8843.543200413,0.0008719779574390928,13505625.48051525,0.8522215596877265,87.71307849790901
0.015,0.00021,0.15079389645876026,0.02288507552900715,8843.543176239906,0.0009207891218935991,13264761.846543271,0.8986268943913531,85.86123093497008
0.015,0.0002175,0.15079389604502885,0.023702399616784546,8843.543151187901,0.000971375237780761,13024306.061238438,0.949303252959387,84.09037919016555
0.015,0.000225,0.15079389561677972,0.024519723700534707,8843.543125256765,0.0010237363051003555,12785446.381227225,1.006923190162806,82.3922294122167
0.015,0.00023249999999999999,0.15079389517401412,0.025337047780118787,8843.543098446666,0.0010778723238520868,12549128.719889417,1.0528104370608509,80.78961734194309
0.015,0.00024,0.1507938947167311,0.026154371855397898,8843.543070757461,0.0011337832940358165,12316097.665606797,1.0886617331600044,79.2750478029484
0.015,0.0002475,0.15079389424493117,0.026971695926233174,8843.543042189238,0.0011914692156512327,12086931.174409933,1.1365082427038802,77.8138222778216
0.015,0.000255,0.15079389375861524,0.027789019992485786,8843.543012742133,0.0012509300886980503,11862069.511925077,1.184200442171206,76.41909760553972
0.015,0.00026250000000000004,0.15079389325778222,0.028606344054016814,8843.542982415987,0.0013121659131761062,11641839.508691635,1.231604611797873,75.0873079476878
0.015,0.00027,0.1507938927424319,0.029423668110687407,8843.542951210777,0.0013751766890850647,11426474.911746679,1.2785932730964793,73.81504895631224
0.015,0.0002775,0.15079389221256503,0.030240992162358694,8843.542919126558,0.0014399624164246505,11216133.222261352,1.3250502666057502,72.59908238658682
0.015,0.000285,0.15079389166818075,0.031058316208891792,8843.542886163292,0.0015065230951946107,11010909.77691664,1.3708655132117444,71.43633730825968
0.015,0.0002925,0.15079389110927996,0.031875640250147844,8843.542852320994,0.001574858725394621,10810849.466564253,1.4159377877476946,70.32390875276178
0.015,0.0003,0.1507938905358618,0.03269296428598798,8843.542817599666,0.0016449693070244137,10615956.422973685,1.4601754537108436,69.25905433949083
0.017,0.00020400000000000003,0.1507938967792937,0.022231216165073592,8843.543195648701,0.0009456005123786027,12541819.692668041,0.7181326194824512,93.8259225920774
0.017,0.00021250000000000002,0.1507938963224631,0.023157516797345422,8843.543167986963,0.0010014562616299841,12337333.144694649,0.7618216325559908,91.69154184201034
0.017,0.00022100000000000003,0.15079389584698574,0.02408381742456341,8843.543139196085,0.0010595918373786778,12128309.662651407,0.8065654118754918,89.65518926735967
0.017,0.00022950000000000002,0.15079389535286267,0.025010118046525438,8843.54310927624,0.001120007239624323,11916728.285404162,0.8522215564301787,87.71307883318514
0.017,0.000238,0.15079389484009292,0.02593641866302931,8843.54307822724,0.0011827024683666442,11704201.543056399,0.8986268908823405,85.86123127024621
0.017,0.00024650000000000003,0.15079389430867737,0.02686271927387291,8843.543046049253,0.0012476775236052889,11492034.667944027,0.9493032483464671,84.09037959878333
0.017,0.000255,0.15079389375861543,0.027789019878854068,8843.543012742159,0.0013149324053398563,11281276.129523488,1.0069231847849145,82.39222985226661
0.017,0.0002635,0.15079389318990755,0.028715320477770638,8843.542978306083,0.0013844671135699682,11072760.536748484,1.0528085442580888,80.78961765626445
0.017,0.00027200000000000005,0.1507938926025533,0.029641621070420465,8843.542942740898,0.001456281648295232,10867144.908019181,1.0886617271888652,79.27504823775962
0.017,0.00028050000000000004,0.15079389199655324,0.030567921656601393,8843.542906046714,0.0015303760095152752,10664939.178540748,1.1365072554264013,77.81382274406496
0.017,0.00028900000000000003,0.15079389137190624,0.03149422223611125,8843.54286822335,0.00160675019722968,10466531.812042085,1.184201433409996,76.41909806523472
0.017,0.0002975000000000001,0.1507938907286144,0.03242052280874796,8843.542829271159,0.001685404211437951,10272211.22399662,1.2316046035489232,75.087308450602
0.017,0.00030600000000000007,0.1507938900666753,0.03334682337430926,8843.542789189749,0.0017663380521397085,10082183.63418911,1.278591197220158,73.81504945922643
0.017,0.00031450000000000006,0.15079388938609034,0.03427312393259307,8843.542747979318,0.0018495517193344631,9896588.020449638,1.3250502570442977,72.59908291045576
0.017,0.000323,0.1507938886868594,0.03519942448339721,8843.542705639875,0.0019350452130217468,9715508.509492217,1.370865502957622,71.43633784260601
0.017,0.00033150000000000003,0.1507938879689826,0.03612572502651956,8843.542662171416,0.0020228185332011434,9538984.695815196,1.4159388608275087,70.323909339495
0.017,0.00034,0.15079388723245882,0.037052025561757906,8843.542617573774,0.0021128716798720242,9367020.248325981,1.4601776433835612,69.25905497861095
0.019,0.000228,0.15079389544141528,0.024846653116975766,8843.543114638158,0.001181182643094169,11221628.05772709,0.718132616916287,93.82592292735353
0.019,0.0002375,0.150793894870772,0.025881930272562317,8843.5430800849,0.0012509540112030093,11038666.41630346,0.761819965474427,91.69154219562188
0.019,0.00024700000000000004,0.1507938942768368,0.026917207421093253,8843.543044121228,0.0013235731902508144,10851645.40606518,0.8065671102352289,89.65518966550007
0.019,0.0002565,0.1507938936596101,0.02795248456228635,8843.543006747223,0.0013990401802370393,10662335.74554613,0.852221552358244,87.7130792522803
0.019,0.000266,0.15079389301909218,0.028987761695859416,8843.542967962976,0.0014773549811612193,10472180.22953145,0.8986277750687612,85.86123168934137
0.019,0.00027550000000000003,0.1507938923552821,0.030023038821530186,8843.542927768262,0.0015585175930227025,10282346.716152966,0.9493032432604273,84.09038004931062
0.019,0.000285,0.150793891668181,0.031058315939016465,8843.54288616331,0.0016425280158210165,10093773.282525275,1.006923178894843,82.39223033422604
0.019,0.0002945,0.15079389095778808,0.032093593048035995,8843.542843147958,0.0017293862495555033,9907206.69662477,1.0528104283225448,80.78961801249534
0.019,0.000304,0.15079389022410314,0.03312887014830658,8843.542798722227,0.0018190922942256163,9723234.806922263,1.088663645343146,79.27504872102872
0.019,0.00031350000000000003,0.15079388946712752,0.034164147239546014,8843.54275288629,0.0019116461498306268,9542313.892315192,1.1365082285488688,77.81382324697915
0.019,0.000323,0.1507938886868596,0.035199424321472016,8843.542705639888,0.002007047816369945,9364791.514687719,1.1842014256167646,76.41909856814891
0.019,0.0003325,0.15079388788330025,0.036234701393802395,8843.542656983172,0.002105297293842901,9190925.719635805,1.2316066266661885,75.08730900066439
0.019,0.000342,0.15079388705644955,0.037269978456254946,8843.542606916153,0.00220639458224877,9020901.03427791,1.2785932542220648,73.81505004595965
0.019,0.00035150000000000003,0.15079388620630704,0.03830525550854741,8843.542555438748,0.0023103396815869043,8854841.794692788,1.325050246335471,72.59908349718899
0.019,0.000361,0.1507938853328734,0.039340532550397586,8843.54250255109,0.0024171325918565063,8692823.27990243,1.3708654904918263,71.4363384922035
0.019,0.0003705,0.15079388443614777,0.04037580958152324,8843.542448253022,0.002526773313056856,8534880.920990376,1.4159388473262544,70.32391001004726
0.019,0.00038,0.15079388351613002,0.04141108660164211,8843.542392544538,0.0026392618451871477,8381017.988036428,1.4601754258783783,69.25905565964058
0.021,0.000252,0.15079389395488427,0.027462089987548354,8843.54302462655,0.0014429405643072784,10152901.504105598,0.718130987902617,93.82592328358442
0.021,0.00026250000000000004,0.15079389325778217,0.02860634365923014,8843.542982415967,0.001528173730990776,9987364.781246832,0.7618199621447113,91.69154259638162
0.021,0.000273,0.15079389253222739,0.029750597321385474,8843.542938482582,0.0016168858024305523,9818155.289530965,0.8065662554941524,89.65519008459523
0.021,0.0002835,0.1507938917782191,0.030894850973633283,8843.542892826265,0.0017090767786257768,9646875.112987792,0.8522215482863094,87.71307967137545
0.021,0.00029400000000000004,0.15079389099575757,0.03203910461559251,8843.542845447042,0.00180474665957569,9474829.644599631,0.8986268816437682,85.86123215296539
0.021,0.00030450000000000003,0.15079389018484282,0.03318335824688212,8843.542796344933,0.0019038954452794015,9303075.509278791,0.9493032375829874,84.09038055222481
0.021,0.000315,0.1507938893454759,0.034327611867121056,8843.5427455201,0.0020065231357361255,9132461.45091408,1.0069231724925916,82.39223085809499
0.021,0.0003255,0.15079388847765518,0.035471865475928226,8843.542692972267,0.002112629730944977,8963663.106268266,1.0528104228611035,80.7896184315905
0.021,0.00033600000000000004,0.1507938875813809,0.03661611907292258,8843.542638701516,0.0022222152309050104,8797212.35180373,1.0886617130883443,79.27504926454276
0.021,0.0003465,0.1507938866566535,0.03776037265772305,8843.542582707858,0.0023352796356153147,8633521.993950255,1.1365082206679706,77.81382378656417
0.021,0.00035700000000000006,0.15079388570347374,0.038904626229948655,8843.542524991475,0.0024518229450749187,8472906.502963701,1.1842014165246617,76.41909915488213
0.021,0.00036750000000000004,0.1507938847218407,0.04004887978921824,8843.542465552147,0.002571845159282784,8315599.351641897,1.2316045846450803,75.08730960311368
0.021,0.0003780000000000001,0.1507938837117541,0.04119313333515079,8843.542404389893,0.002695346278237912,8161767.486381201,1.2785932429700102,73.81505069555715
0.021,0.00038850000000000006,0.1507938826732142,0.04233738686736522,8843.54234150474,0.0028223263019391725,8011523.413959002,1.325050234096812,72.59908416774124
0.021,0.000399,0.15079388160622167,0.04348164038548053,8843.542276896813,0.002952785230385572,7864935.229141247,1.370865477221786,71.43633918371052
0.021,0.00040950000000000003,0.15079388051077564,0.04462589388911561,8843.54221056592,0.0030867230635759223,7722034.997097155,1.4159377476658765,70.32391074346378
0.021,0.00042,0.15079387938687744,0.04577014737788944,8843.542142512291,0.003224139801509072,7582825.6734513035,1.460175409974113,69.25905641401187
0.023,0.000276,0.15079389231969928,0.03007752676823029,8843.542925613634,0.001730874275448291,9270040.426102977,0.7181326109820325,93.82592370267957
0.023,0.0002875,0.15079389148349376,0.031330756948027914,8843.542874980205,0.0018331154203744594,9118898.194180202,0.761819958597367,91.69154302333482
0.023,0.000299,0.15079389061315648,0.03258398711530976,8843.542822279975,0.0019395296732476464,8964402.571886586,0.8065654005645685,89.65519052464515
0.023,0.0003105,0.1507938897086887,0.033837217269575226,8843.54276751311,0.002050117034066754,8808016.320675243,0.8522215436035846,87.71308015333489
0.023,0.000322,0.15079388877008987,0.03509044741032368,8843.542710679603,0.0021648775028306083,8650931.329843368,0.8986268763802495,85.86123265587958
0.023,0.00033350000000000003,0.15079388779736014,0.036343677537054475,8843.54265177935,0.0022838110795380885,8494112.327841226,0.9493032313141477,84.0903811075259
0.023,0.000345,0.15079388679049968,0.037596907649267,8843.542590812447,0.002406917764187901,8338334.270860466,1.0069231653220698,82.39223144482821
0.023,0.0003565,0.15079388574950855,0.038850137746460636,8843.542527778929,0.0025341975567788107,8184214.0406920435,1.0528104168193844,80.78961889521452
0.023,0.000368,0.1507938846743863,0.04010336782813472,8843.542462678677,0.002665650457309501,8032237.260115011,1.0886617050309038,79.27504985127598
0.023,0.0003795,0.15079388356513282,0.04135659789378862,8843.542395511711,0.0028012764657785803,7882780.84545802,1.136508211333315,77.81382442568429
0.023,0.000391,0.15079388242174924,0.042609827942921764,8843.542326278195,0.0029410755821847176,7736131.916191841,1.1842004077714257,76.41909982543439
0.023,0.0004025,0.15079388124423498,0.04386305797503349,8843.542254978021,0.0030850478065264355,7592503.64299346,1.231604573302775,75.08731029462069
0.023,0.00041400000000000003,0.150793880032589,0.04511628798962311,8843.542181611017,0.0032331931388021786,7452048.4622814935,1.278593230992017,73.81505138706416
0.023,0.00042550000000000004,0.15079387878681266,0.04636951798619008,8843.54210617747,0.003385511579010553,7314869.084010423,1.325050220328321,72.59908492211252
0.023,0.000437,0.1507938775069053,0.04762274796423371,8843.542028677177,0.003542003127149851,7181027.697281966,1.3708654627453787,71.4363399380818
0.023,0.0004485,0.15079387619286722,0.048875977923253405,8843.541949110242,0.003702667783218558,7050553.568300256,1.415937732055064,70.32391151878983
0.023,0.00046,0.1507938748446979,0.0501292078627485,8843.54186747658,0.0038675055472149815,6923449.397917926,1.4601753923027074,69.25905725220218
0.025,0.00030000000000000003,0.1507938905358623,0.03269296345046065,8843.542817599746,0.00204498377589047,8528437.116759488,0.7181309810060664,93.825924184639
0.025,0.00031250000000000006,0.15079388954790618,0.0340551701296347,8843.542757777526,0.0021657790786730807,8389386.26360049,0.7618199548541572,91.69154347386211
0.025,0.00032500000000000004,0.15079388851962527,0.035417376792735884,8843.542695513617,0.002291504801964696,8247250.286890946,0.8065662470109511,89.65519102755934
0.025,0.0003375,0.15079388745101946,0.03677958343912128,8843.542630807962,0.0024221609457637165,8103374.934165521,0.8522215385136664,87.71308067720383
0.025,0.00035000000000000005,0.1507938863420889,0.03814179006814796,8843.542563660554,0.002557747510068549,7958856.739679397,0.8986268707055184,85.86123319808394
0.025,0.00036250000000000003,0.15079388519283335,0.03950399667917301,8843.542494071406,0.0026982644948776034,7814583.2548142355,0.9493032245721882,84.0903817047365
0.025,0.000375,0.1507938840032536,0.04086620327155355,8843.542422040593,0.002843711900189102,7671267.438382229,1.0069231573832782,82.39223209442571
0.025,0.00038750000000000004,0.1507938827733493,0.042228409844646646,8843.542347568122,0.0029940897260013043,7529476.822241146,1.0528094664926124,80.78961935359985
0.025,0.0004,0.15079388150311948,0.04359061639780935,8843.542270653803,0.003149397972312339,7389658.181573806,1.0886597713193316,79.27505050087348
0.025,0.00041250000000000005,0.15079388019256537,0.04495282293039879,8843.542191297825,0.0033096366391203486,7252158.274669012,1.1365072209188098,77.81382510671392
0.025,0.00042500000000000003,0.15079387884168693,0.04631502944177204,8843.542109500186,0.003474805726423376,7117241.256421499,1.1842013949309178,76.41910054837354
0.025,0.00043750000000000006,0.15079387745048298,0.04767723593128617,8843.542025260707,0.0036449052342193743,6985103.243148289,1.2316045612730573,75.08731102803722
0.025,0.0004500000000000001,0.15079387601895466,0.04903944239829828,8843.541938579556,0.003819935162506268,6855884.472204581,1.278593217108434,73.81505218858365
0.025,0.0004625000000000001,0.15079387454710147,0.05040164884216545,8843.541849456686,0.003999895511281989,6729679.441447859,1.325050205412456,72.59908573934808
0.025,0.000475,0.15079387303492345,0.051763855262244744,8843.541757892064,0.004184786280544272,6606545.360562371,1.3708665146595493,71.43634077627212
0.025,0.00048750000000000003,0.1507938714824204,0.05312606165789325,8843.541663885682,0.004374607470290899,6486509.158329635,1.4159377139127685,70.32391241984442
0.025,0.0005,0.150793869889594,0.05448826802846814,8843.541567437767,0.004569359080519491,6369573.320316499,1.4601753728641618,69.25905817421153
0.027,0.000324,0.15079388860337117,0.03530840002567832,8843.542700584505,0.0023852690649501006,7896700.963781544,0.718132603524118,93.82592467707582
0.027,0.0003375,0.15079388745101907,0.03677958319472951,8843.542630807862,0.0025261647051439628,7767950.168523698,0.7618199502839592,91.69154402392451
0.027,0.000351,0.15079388625163234,0.03825076634353351,8843.542558183255,0.002672811187777334,7636342.781506683,0.8065653910445417,89.65519158286043
0.027,0.00036449999999999997,0.15079388500521096,0.03972194947128045,8843.542482710656,0.0028252085128481594,7503124.85631879,0.8522215330165549,87.7130812429823
0.027,0.000378,0.1507938837117548,0.04119313257716041,8843.54240438998,0.002983356680354174,7369311.710211176,0.8986250874194169,85.86123378481716
0.027,0.00039150000000000003,0.15079388237126348,0.0426643156603635,8843.542323221236,0.003147255690293223,7235725.148035534,0.9493032170022688,84.09038237528875
0.027,0.000405,0.15079388098373664,0.04413549872007982,8843.542239204375,0.0033169055426629417,7103025.314026267,1.0069231489323065,82.39223278593272
0.027,0.0004185,0.150793879549176,0.04560668175549955,8843.542152339644,0.0034923062374608866,6971737.704961812,1.0528085147663595,80.78961991937831
0.027,0.000432,0.1507938780675806,0.04707786476581274,8843.542062626853,0.0036734577746845936,6842275.997385266,1.0886597618230796,79.27505119238049
0.027,0.00044550000000000004,0.15079387653895027,0.04854904775020954,8843.54197006604,0.003860360154331518,6714961.264370358,1.1365072100538924,77.81382585060783
0.027,0.00045900000000000004,0.15079387496328484,0.05002023070788002,8843.541874657158,0.004053013376398932,6590038.0969778225,1.1842013830787128,76.4191013132222
0.027,0.00047250000000000005,0.15079387334058578,0.051491413638014356,8843.541776400405,0.004251417440884133,6467688.080984785,1.2316045485559275,75.08731180336326
0.027,0.00048600000000000005,0.1507938716708511,0.0529625965398026,8843.541675295513,0.004455572347784294,6348041.06603896,1.278591135424702,73.81505302677397
0.027,0.0004995,0.1507938699540811,0.05443377941243485,8843.541571342521,0.004665478097096541,6231184.551994025,1.3250480879436533,72.59908659849316
0.027,0.000513,0.15079386819027696,0.055904962255101276,8843.54146454159,0.0048811346888177915,6117171.511420551,1.3708654289670963,71.43634169828147
0.027,0.0005265,0.1507938663794376,0.05737614506699192,8843.541354892537,0.005102542122945073,6006026.8761537485,1.4159376949266458,70.32391336280853
0.027,0.00054,0.15079386452156401,0.05884732784729702,8843.541242395608,0.005329700399475178,5897752.947452455,1.4601753516584763,69.25905918003991
0.029,0.000348,0.15079388652222775,0.03792383648532236,8843.542574568213,0.0027517301418866357,7352100.822619216,0.7181309731472068,93.82592521142215
0.029,0.00036250000000000003,0.15079388519283382,0.03950399613399144,8843.542494071473,0.0029142722989825096,7232229.389265997,0.7618199458008127,91.69154456350952
0.029,0.00037700000000000006,0.15079388380917916,0.04108415575757244,8843.54241028915,0.00308344882981427,7109698.369910654,0.8065662367368521,89.65519216959365
0.029,0.00039150000000000003,0.1507938823712637,0.04266431535506183,8843.54232322127,0.0032592597343791075,6985667.887748431,0.85222152711225,87.71308185067028
0.029,0.000406,0.15079388087908574,0.04424447492545602,8843.54223286759,0.0034417050126741653,6861083.229229991,0.8986259693030335,85.86123442393728
0.029,0.00042050000000000003,0.15079387933264884,0.04582463446775165,8843.542139228646,0.003630784664696458,6736709.529909625,0.9493013946257394,84.09038306679577
0.029,0.000435,0.15079387773195008,0.04740479398094505,8843.542042303961,0.0038264986904428403,6613161.406250545,1.006923139713065,82.392233540304
0.029,0.00044950000000000003,0.15079387607699044,0.04898495346403274,8843.54194209371,0.004028847089910103,6490928.111935281,1.0528085072568918,80.78962049563415
0.029,0.00046400000000000006,0.15079387436776936,0.050565112916011214,8843.541838597825,0.004237829863094991,6370394.79306685,1.088659751463532,79.27505194675177
0.029,0.00047850000000000003,0.15079387260428814,0.052145272335876944,8843.541731816473,0.004453447009994007,6251860.384150388,1.1365081790445888,77.81382663641125
0.029,0.0004930000000000001,0.15079387078654494,0.05372543172262637,8843.541621749377,0.0046756985306036425,6135552.603429569,1.184200371890123,76.41910214093514
0.029,0.0005075,0.15079386891454102,0.055305591075256004,8843.54150839677,0.00490458442492022,6021640.516291052,1.2316045337765607,75.08731270441785
0.029,0.0005220000000000001,0.15079386698827668,0.05688575039276235,8843.541391758636,0.005140104692940017,5910245.016015423,1.2785931874356795,73.81505390163511
0.029,0.0005365000000000001,0.15079386500775122,0.058465909674141815,8843.541271834925,0.005382259334659129,5801447.570164721,1.3250501720907975,72.59908756503137
0.029,0.0005510000000000001,0.1507938629729646,0.06004606891839092,8843.541148625569,0.00563104835007365,5695297.492627794,1.3708654096652213,71.43634270410985
0.029,0.0005655,0.150793860883917,0.06162622812450611,8843.541022130661,0.005886471739179431,5591818.00118006,1.4159387586188008,70.32391441578511
0.029,0.00058,0.1507938587406088,0.06320638729148391,8843.540892350207,0.0061485295019722795,5491011.2361694975,1.4601753290169899,69.25906025397126
0.031,0.000372,0.1507938842924313,0.040539272820831765,8843.542439550813,0.0031443670059024577,6877771.660281867,0.7181309688168147,93.82592577720061
0.031,0.00038750000000000004,0.15079388277334987,0.04222840893809952,8843.542347568195,0.003330101859322195,6765633.865505455,0.761819940925935,91.69154515024275
0.031,0.00040300000000000004,0.15079388119226483,0.04391754502472232,8843.542251831117,0.003523417727137049,6651008.069455253,0.8065653802049075,89.655192787759
0.031,0.0004185,0.15079387954917653,0.04560668107947439,8843.542152339669,0.003724314609343296,6534979.551939981,0.852221520597155,87.71308252122253
0.031,0.00043400000000000003,0.15079387784408463,0.047295817101129956,8843.542049093816,0.003932792505937303,6418432.6085447725,0.8986268507480105,85.86123510496691
0.031,0.00044950000000000003,0.1507938760769898,0.04898495308846319,8843.541942093605,0.0041488514169150245,6302083.017365248,0.9493032006796305,84.09038382116705
0.031,0.00046499999999999997,0.15079387424789206,0.05067408904024833,8843.54183133906,0.004372491342272507,6186505.736164648,1.0069231297255532,82.39223435753956
0.031,0.00048049999999999997,0.15079387235679112,0.05236322495525957,8843.541716830172,0.004603712282005461,6072158.45802279,1.0528084994743523,80.78962109284475
0.031,0.000496,0.15079387040368603,0.054052360832271044,8843.541598566717,0.004842514236109674,5959401.478698226,1.0886616647437033,79.27505278494209
0.031,0.0005115,0.15079386838857786,0.05574149667005702,8843.54147654894,0.005088897204580542,5848514.448550369,1.1365081668024182,77.81382747460157
0.031,0.000527,0.15079386631146674,0.05743063246739171,8843.541350776837,0.0053428611874135725,5739710.391286908,1.18420135677656,76.41910301055759
0.031,0.0005425,0.1507938641723514,0.059119768223049256,8843.541221250194,0.005604406184603867,5633147.467829073,1.231604518653488,75.0873136264272
0.031,0.000558,0.15079386197123446,0.06080890393580396,8843.541087969385,0.005873532196146626,5528938.77008755,1.2785911032112138,73.81505488650873
0.031,0.0005735000000000001,0.15079385970811293,0.06249803960442992,8843.540950934032,0.006150239222036699,5427160.511280691,1.3250480518970391,72.5990885734791
0.031,0.000589,0.15079385738298806,0.06418717522770136,8843.54081014427,0.006434527262268988,5327858.823045794,1.3708643213590184,71.43634376232512
0.031,0.0006045,0.1507938549958602,0.06587631080439252,8843.540665600158,0.006726396316838137,5231055.424277476,1.4159376516804796,70.32391551067121
0.031,0.00062,0.15079385254672859,0.06756544633327757,8843.540517301624,0.007025846385738671,5136752.31736334,1.4601753052710413,69.2590613802895
0.033,0.00039600000000000003,0.15079388191398102,0.04315470902364546,8843.542295532114,0.003563179656142909,6460936.9393045,0.7181325904527199,93.82592638488859
0.033,0.00041250000000000005,0.15079388019256584,0.044952821597732714,8843.54219129783,0.0037736533852345652,6355595.370888031,0.7618199355287489,91.69154579984024
0.033,0.0004290000000000001,0.15079387840088948,0.046750934134852914,8843.54208280923,0.0039927178787401265,6247916.591760223,0.8065653741724156,89.65519345831126
0.033,0.00044550000000000004,0.150793876538951,0.04854904663352731,8843.541970066115,0.004220373136654999,6138920.099461062,0.8522189046442474,87.71308319177479
0.033,0.000462,0.15079387460675048,0.05034715909227721,8843.54185306848,0.004456619158974213,6029436.607502747,0.8986241773267013,85.86123584100278
0.033,0.00047850000000000003,0.1507938726042886,0.05214527150962402,8843.541731816504,0.0047014559456929166,5920138.501196565,0.9493013766472159,84.09038465935737
0.033,0.000495,0.1507938705315642,0.05394338388408894,8843.541606309962,0.004954883496805767,5811565.901468802,1.0069231192258619,82.39223521668464
0.033,0.0005115,0.15079386838857817,0.05574149621419335,8843.54147654898,0.005216901812307448,5704148.756380153,1.0528094352258912,80.78962175291963
0.033,0.000528,0.15079386617533047,0.057539608498458544,8843.541342533546,0.005487510892192356,5598225.531289047,1.088659728442316,79.27505362313241
0.033,0.0005445000000000001,0.15079386389182103,0.05933772073540591,8843.541204263718,0.005766710736454775,5494058.922658358,1.136508153642085,77.81382837565616
0.033,0.0005610000000000001,0.15079386153804955,0.06113583292355664,8843.541061739366,0.006054501345088734,5391849.048642508,1.1842013417583561,76.41910397971515
0.033,0.0005775000000000001,0.15079385911401708,0.06293394506143217,8843.540914960677,0.006350882718088151,5291744.4799567815,1.2316045024133708,75.08731461653952
0.033,0.0005940000000000001,0.15079385661972125,0.06473205714755367,8843.540763927318,0.006655854855446688,5193851.457998791,1.2785910854257394,73.81505591329187
0.033,0.0006105000000000001,0.15079385405516416,0.06653016918044259,8843.540608639574,0.006969417757157903,5098241.573808013,1.325048032869782,72.5990896159783
0.033,0.0006270000000000001,0.15079385142034657,0.06832828115862023,8843.540449097585,0.007291571423215099,5004958.166261774,1.3708621638474767,71.43634488340467
0.033,0.0006435000000000001,0.1507938487152662,0.07012639308060784,8843.540285300987,0.007622315853611424,4914021.637068451,1.415937628053307,70.32391668413766
0.033,0.00066,0.15079384593992284,0.07192450494492668,8843.54011724975,0.007961651048339907,4825433.866080766,1.4601752792057219,69.25906261662021
0.035,0.00042000000000000007,0.15079387938687794,0.045770145085202475,8843.542142512262,0.004008168091696498,6091740.466338993,0.718130959273914,93.8259270240087
0.035,0.00043750000000000006,0.15079387745048362,0.047677234103570165,8843.54202526071,0.004244926875729381,5992418.411789609,0.7618199299574603,91.6915464703925
0.035,0.0004550000000000001,0.1507938754350532,0.04958432307783392,8843.541903223448,0.004491349283551157,5890892.704008143,0.8065653681399237,89.65519412886351
0.035,0.00047250000000000005,0.15079387334058636,0.05149141200622955,8843.541776400434,0.004747435315156064,5788124.5810445035,0.8522215067525784,87.71308394614607
0.035,0.0004900000000000001,0.15079387116708243,0.053398500886992856,8843.541644791516,0.005013184970537946,5684897.283392238,0.8986250578121843,85.86123661370948
0.035,0.0005075,0.15079386891454252,0.05530558971835973,8843.541508396924,0.005288598249690416,5581844.78145862,0.9493031817548332,84.09038549754769
0.035,0.0005250000000000001,0.15079386658296562,0.05721267849856599,8843.541367216476,0.005573675152606925,5479476.326463235,1.0069231082139904,82.39223611773923
0.035,0.0005425,0.15079386417235338,0.05911976722584753,8843.541221250425,0.005868415679280623,5378197.301138997,1.0528103704312706,80.78962245490402
0.035,0.0005600000000000001,0.15079386168270298,0.06102685589844007,8843.54107049837,0.006172819829704527,5278326.827319842,1.0886597157806477,79.27505454514176
0.035,0.0005775000000000001,0.15079385911401716,0.06293394451457957,8843.540914960648,0.00648688760387126,5180112.593571058,1.1365071594019558,77.81382931862026
0.035,0.0005950000000000002,0.15079385646629392,0.06484103307250177,8843.540754637035,0.006810619001773378,5083743.280265603,1.1842013262327806,76.41910498161451
0.035,0.0006125000000000001,0.1507938537395352,0.06674812157044262,8843.540589527822,0.007144014023403146,4989358.969220795,1.2316044853139885,75.08731565903872
0.035,0.0006300000000000001,0.1507938509337401,0.0686552100066379,8843.540419632809,0.007487072668752557,4897059.830803116,1.278591066551359,73.81505700293928
0.035,0.0006475000000000002,0.15079384804890783,0.07056229837932344,8843.540244951957,0.00783979493781344,4806913.365203374,1.3250480114521666,72.59909078944474
0.035,0.000665,0.15079384508503946,0.0724693866867351,8843.54006548538,0.008202180830577327,4718960.434711195,1.3708621413286772,71.43634605687112
0.035,0.0006825000000000001,0.15079384204213417,0.07437647492710871,8843.53988123297,0.008574230347035623,4633220.274233397,1.415936518029797,70.32391793225543
0.035,0.0007000000000000001,0.15079383892019232,0.07628356309868004,8843.539692194701,0.008955943487179329,4549694.658821681,1.4601741506833927,69.25906389486045
0.037,0.000444,0.1507938767111215,0.048385580996941784,8843.541980491253,0.004479332311594661,5762457.121611901,0.7181309540614054,93.82592770503834
0.037,0.0004625,0.1507938745471024,0.050401646446290894,8843.541849456713,0.0047439223297543074,5668503.825148134,0.7618199242120689,91.6915471618995
0.037,0.00048100000000000004,0.15079387229475613,0.052417711843535074,8843.541713073813,0.005019311940430571,5572465.988796778,0.8065662123240857,89.6551948832348
0.037,0.0004994999999999999,0.15079386995408237,0.05443377718659015,8843.5415713426,0.005305501143616098,5475252.896628271,0.8522188899853292,87.71308470051736
0.037,0.000518,0.15079386752508095,0.056449842473371904,8843.541424262956,0.005602489939303237,5377605.450469053,0.898625049245277,85.86123743225471
0.037,0.0005365,0.1507938650077528,0.05846590770179615,8843.541271835044,0.005910278327484055,5280123.351039731,0.949303171346195,84.09038641955703
0.037,0.0005549999999999999,0.15079386240209708,0.06048197286977869,8843.541114058755,0.006228866308150361,5183288.322658397,1.0069230966899394,82.39223706070334
0.037,0.0005735,0.1507938597081141,0.06249803797523532,8843.540950934106,0.006558253881293608,5087483.835463284,1.0528094165204738,80.78962318832055
0.037,0.000592,0.1507938569258031,0.0645141030160818,8843.540782461017,0.006898441046904995,4993011.763015227,1.0886597022556843,79.27505553001538
0.037,0.0006105,0.15079385405516565,0.06653016799023405,8843.540608639716,0.007249427804975435,4900106.403005098,1.1365071440227434,77.81383037159685
0.037,0.000629,0.15079385109620067,0.06854623289560777,8843.54042947004,0.007611214155495546,4808946.238371232,1.184200311655,76.41910602804273
0.037,0.0006475000000000001,0.15079384804890908,0.07056229773011886,8843.540244952117,0.00798380009845567,4719663.77887129,1.2316044674412678,75.08731674868613
0.037,0.000666,0.15079384491328854,0.0725783624916829,8843.540055085581,0.008367185633845862,4632353.779125519,1.2785910462251038,73.81505817640573
0.037,0.0006845000000000001,0.15079384168934137,0.07459442717821592,8843.539859870803,0.008761370761655837,4547080.092298536,1.325047990034552,72.59909196291119
0.037,0.000703,0.150793838377067,0.07661049178763363,8843.539659307702,0.009166355481875145,4463881.369927239,1.370862117201393,71.43634731415659
0.037,0.0007214999999999999,0.15079383497646615,0.07862655631785191,8843.539453396383,0.009582139794492848,4382775.810015887,1.4159375767907831,70.32391923014075
0.037,0.00074,0.15079383148753683,0.08064262076678642,8843.539242136529,0.010008723699497953,4303765.0884844735,1.4601752226572358,69.25906529882923
0.039,0.000468,0.15079387388671245,0.0510010167503024,8843.541809469132,0.0049766723148119,5466946.423697408,0.7181309487687043,93.82592839654535
0.039,0.00048750000000000003,0.15079387148242201,0.0531260586165739,8843.541663885751,0.005270639746195347,5377811.242204222,0.7618199179443693,91.69154791627079
0.039,0.0005070000000000001,0.15079386897999794,0.055251100421826106,8843.541512360298,0.005576605848171811,5286698.420203112,0.8065653540012713,89.65519570047036
0.039,0.0005265,0.15079386637943978,0.05737614216361822,8843.541354892726,0.0058945706207322035,5194470.611821275,0.8522214912792286,87.71308553870767
0.039,0.000546,0.1507938636807463,0.059501183839509426,8843.541191482815,0.00622453406386712,5101830.723178695,0.8986259288397767,85.86123829009011
0.039,0.0005655,0.15079386088391938,0.06162622544705905,8843.541022130876,0.006566496177566734,5009347.701974635,0.9493013458353402,84.09038738871459
0.039,0.000585,0.15079385798895711,0.06375126698382619,8843.540846836566,0.006920456961820854,4917478.570083907,1.0069230843976187,82.39223806653172
0.039,0.0006045,0.15079385499586126,0.06587630844737014,8843.540665600185,0.007286416416619044,4826587.13034123,1.0528094064168179,80.78962396364659
0.039,0.000624,0.15079385190463165,0.06800134983525018,8843.540478421726,0.007664374541950411,4736959.776317892,1.0886596881551907,79.27505655679852
0.039,0.0006435000000000001,0.1507938487152673,0.07012639114502546,8843.540285301018,0.008054331337803729,4648818.790445819,1.1365071287965585,77.81383141409606
0.039,0.0006630000000000001,0.1507938454277687,0.07225143237425523,8843.54008623816,0.008456286804167453,4562333.502204934,1.1842012924012344,76.41910716483835
0.039,0.0006825000000000001,0.1507938420421353,0.07437647352049864,8843.539881233002,0.008870240941029615,4477629.626543891,1.231600383915098,75.08731792215258
0.039,0.000702,0.15079383855836784,0.07650151458131502,8843.53967028572,0.009296193748377899,4394797.059783049,1.2785910250821693,73.81505939702038
0.039,0.0007215000000000001,0.15079383497646634,0.07862655555426361,8843.539453396354,0.009734145226199734,4313896.378679923,1.3250479661309649,72.59909327258356
0.039,0.000741,0.15079383129643073,0.08075159643690352,8843.53923056476,0.010184095374482097,4234964.25407989,1.370862091465624,71.4363486552611
0.039,0.0007605,0.1507938275182608,0.08287663722679409,8843.539001791032,0.010646044193211614,4158017.949438331,1.4159364636293332,70.32392063410953
0.039,0.00078,0.15079382364195612,0.08500167792149446,8843.538767075073,0.0111199916823745,4083059.057044291,1.4601751921740693,69.25906674470752
0.041,0.000492,0.15079387091364996,0.053616452336723304,8843.541629445775,0.005500188100265742,5200266.033885287,0.7181325692818676,93.82592915091664
0.041,0.0005125,0.1507938682564434,0.05585047060509833,8843.54146854803,0.005825079123876487,5115478.907185692,0.7618199111543615,91.69154873350635
0.041,0.000533,0.15079386549077908,0.05808448880257676,8843.541301082956,0.006163231005501314,5028810.610483104,0.8065653465549145,89.6551965281833
0.041,0.0005535000000000001,0.15079386261665767,0.060318506926322804,8843.541127050705,0.0065146437451291655,4941081.716460174,0.8522180033760806,87.71308642928489
0.041,0.0005740000000000001,0.1507938596340787,0.06255252497350056,8843.540946451172,0.006879317342748511,4852960.843940817,0.8986241421544421,85.86123920162208
0.041,0.0005945000000000001,0.1507938565430414,0.06478654294127412,8843.540759284226,0.0072572517983473805,4764989.18634678,0.9493013344213445,84.09038839978166
0.041,0.000615,0.1507938533435481,0.06702056082680773,8843.540565550275,0.007648447111913316,4677601.472383787,1.006923071080938,82.39223915617913
0.041,0.0006355,0.15079385003559648,0.06925457862726545,8843.5403652489,0.00805290328343361,4591143.7574399635,1.0528093957670186,80.78962478088215
0.041,0.000656,0.15079384661918754,0.07148859633981139,8843.540158380272,0.008470620312894861,4505888.466237328,1.088659673191402,79.27505764644593
0.041,0.0006765,0.15079384309432173,0.07372261396160983,8843.539944944505,0.008901598200283432,4422047.037109014,1.1365071119635906,77.81383256660774
0.041,0.000697,0.1507938394609974,0.07595663148982466,8843.539724941284,0.009345836945585143,4339780.5405111285,1.1842002757737031,76.41910834354348
0.041,0.0007175000000000001,0.1507938357192165,0.07819064892162025,8843.539498370943,0.0098033365487855,4259208.5575962085,1.2316003636365023,75.0873191584833
0.041,0.0007380000000000002,0.15079383186897857,0.08042466625416071,8843.539265233454,0.010274097009869417,4180416.5999610582,1.2785910030318135,73.81506067002192
0.041,0.0007585000000000002,0.1507938279102823,0.08265868348460999,8843.539025528496,0.010758118328821472,4103462.2898697206,1.3250468907597976,72.59909461368807
0.041,0.000779,0.15079382384312826,0.08489270061013231,8843.538779256269,0.011255400505625754,4028380.5096359113,1.3708620641213707,71.43635008018464
0.041,0.0007995000000000001,0.15079381966751806,0.08712671762789195,8843.538526416954,0.011765943540266003,3955187.67985573,1.4159375194105142,70.32392207998782
0.041,0.0008200000000000001,0.15079381538345005,0.08936073453505293,8843.538267010357,0.012289747432725453,3883885.314544414,1.460175160365549,69.2590682534501
