0.001,0.000014,0.15079390212409693,0.0009429170018048381,8843.54351928445,4.092259040610795e-6,6.632380373082019e8
0.001,0.000016,0.150793902116354,0.001077619430601573,8843.543518815548,5.038868164815645e-6,6.15804883901832e8
0.001,0.000018000000000000004,0.15079390210757965,0.0012123218593852983,8843.543518284258,6.111691838913775e-6,5.713237779154656e8
0.001,0.00002,0.15079390209777244,0.0013470242881543856,8843.543517690397,7.310730062904854e-6,5.3079787142860943e8
0.001,0.000022,0.1507939020869333,0.00148172671690721,8843.54351703411,8.635982836790866e-6,4.9435640731357074e8
0.001,0.000024,0.150793902075061,0.0016164291456421435,8843.543516315136,0.000010087450160569067,4.6175769237592185e8
0.001,0.000026000000000000002,0.15079390206215776,0.0017511315743575632,8843.543515533918,0.00001166513203423437,4.326257405746856e8
0.001,0.000028,0.15079390204822204,0.0018858340030518395,8843.543514690133,0.000013369028457793288,4.065584342512662e8
0.001,0.00003,0.1507939020332528,0.0020205364317233444,8843.543513783634,0.000015199139431245304,3.831746783043481e8
0.001,0.000032,0.15079390201725196,0.002155238860370456,8843.543512814762,0.000017155464954585213,3.6213194973809695e8
0.001,0.000034000000000000007,0.15079390200021892,0.0022899412889915475,8843.54351178341,0.000019238005027814775,3.4313033049280304e8
0.001,0.000036,0.15079390198215342,0.0024246437175849895,8843.54351068951,0.000021446759650933325,3.2591079502655685e8
0.001,0.000038,0.15079390196305595,0.0025593461461491575,8843.543509533165,0.000023781728823940237,3.102510384427914e8
0.001,0.00004,0.15079390194292552,0.0026940485746824254,8843.543508314226,0.00002624291254683479,2.95960716461026e8
0.002,0.000028,0.1507939020482215,0.0018858340026905,8843.543514690033,0.00001636903616000277,3.31619074086913e8
0.002,0.000032,0.15079390201725237,0.0021552388599574996,8843.543512814835,0.000020155472656063722,3.079024557521967e8
0.002,0.00003600000000000001,0.1507939019821534,0.002424643717120412,8843.5435106895,0.000024446767351583387,2.85661888764168e8
0.002,0.00004,0.15079390194292536,0.002694048574166227,8843.54350831418,0.000029242920246558927,2.6539892719570902e8
0.002,0.000044,0.1507939018995687,0.0029634534310819358,8843.543505688935,0.000034543931340984597,2.471782165333217e8
0.002,0.000048,0.15079390185208216,0.0032328582878545244,8843.543502813522,0.000040349800634854004,2.3087887214306128e8
0.002,0.000052000000000000004,0.15079390180046612,0.0035022631444709836,8843.543499688061,0.00004666052812816017,2.1631287002655575e8
0.002,0.000056,0.15079390174472113,0.0037716680009183033,8843.543496312614,0.00005347611382089553,2.0327921336599913e8
0.002,0.00006,0.15079390168484721,0.004041072857183472,8843.543492687191,0.00006079655771304957,1.915873475162308e8
0.002,0.000064,0.15079390162084388,0.00431047771325348,8843.543488811707,0.00006862185980461579,1.810659818072663e8
0.002,0.00006800000000000001,0.15079390155271122,0.004579882569115316,8843.543484686174,0.00007695202009558717,1.715651690007705e8
0.002,0.000072,0.15079390148044844,0.004849287424755964,8843.543480310489,0.00008578703858594889,1.6295540064559382e8
0.002,0.000076,0.15079390140405827,0.0051186922801624265,8843.543475685035,0.00009512691527569292,1.5512552184358132e8
0.002,0.00008,0.15079390132353807,0.005388097135321681,8843.543470809442,0.00010497165016480784,1.4798036043005648e8
0.003,0.000042000000000000004,0.1507939019217634,0.002828751001737813,8843.543507032831,0.00003683033135088506,2.2107937293686703e8
0.003,0.000048,0.150793901852082,0.00323285828682213,8843.543502813523,0.000045349813464157006,2.0526830260243148e8
0.003,0.000054000000000000005,0.15079390177311006,0.0036369655715551563,8843.54349803165,0.000055005226525793714,1.9044125896103987e8
0.003,0.00006,0.15079390168484727,0.0040410728558929795,8843.543492687186,0.00006579657053577371,1.769326160507046e8
0.003,0.00006599999999999999,0.15079390158729333,0.004445180139791688,8843.543486780129,0.00007772384549406318,1.647854764662505e8
0.003,0.000072,0.150793901480449,0.004849287423207374,8843.54348031057,0.00009078705140063228,1.53919247436448e8
0.003,0.00007800000000000001,0.15079390136431448,0.005253394706096127,8843.543473278512,0.00010498618825544564,1.442085797279404e8
0.003,0.00008400000000000001,0.15079390123888797,0.0056575019884140265,8843.54346568374,0.0001203212560584624,1.3551947655793068e8
0.003,0.00008999999999999999,0.15079390110417076,0.0060616092701171655,8843.543457526384,0.00013679225480964347,1.277248982297983e8
0.003,0.000096,0.15079390096016343,0.006465716551161637,8843.543448806533,0.0001543991845089468,1.2071065293734702e8
0.003,0.00010200000000000001,0.15079390080686478,0.006869823831503526,8843.543439524094,0.00017314204515631775,1.143767792693465e8
0.003,0.000108,0.15079390064427542,0.00727393111109892,8843.543429679035,0.00019302083675171,1.0863693363485564e8
0.003,0.000114,0.15079390047239496,0.007678038389903912,8843.543419271435,0.00021403555929507253,1.0341701393470076e8
0.003,0.00012,0.15079390029122403,0.008082145667874586,8843.543408301264,0.00023618621278634593,9.865357261990874e7
0.004,0.000056,0.15079390174472132,0.003771667998027599,8843.543496312672,0.000065476144601086,1.6580952745574507e8
0.004,0.000064,0.15079390162084347,0.004310477709949814,8843.543488811634,0.00008062189057311283,1.539512257743265e8
0.004,0.00007200000000000002,0.15079390148044894,0.0048492874210393465,8843.543480310567,0.00009778706934119087,1.428309413211681e8
0.004,0.00008,0.15079390132353745,0.0053880971311920985,8843.543470809345,0.00011697168090523514,1.3269946110054792e8
0.004,0.000088,0.15079390115010885,0.0059269068403039905,8843.543460308018,0.0001381757252651558,1.2358910617512025e8
0.004,0.000096,0.15079390096016382,0.0064657165482709346,8843.543448806602,0.00016139920242085095,1.1543943427415764e8
0.004,0.00010400000000000001,0.15079390075370022,0.007004526254988838,8843.543436304864,0.0001866421123722041,1.081564344917037e8
0.004,0.000112,0.1507939005307202,0.007543335960353621,8843.543422803044,0.000213904455119101,1.0163960656219336e8
0.004,0.00012,0.150793900291224,0.008082145664261204,8843.54340830126,0.00024318623066140615,9.579367280660412e7
0.004,0.000128,0.1507939000352104,0.00862095536660749,8843.543392799282,0.00027448743899898085,9.053298937163502e7
0.004,0.00013600000000000003,0.15079389976267937,0.009159765067288397,8843.543376297079,0.00030780808013167237,8.578258383965303e7
0.004,0.000144,0.1507938994736317,0.009698574766199836,8843.543358794823,0.0003431481540593227,8.147769940926118e7
0.004,0.000152,0.15079389916806749,0.010237384463237735,8843.543340292532,0.00038050766078176246,7.756275981685366e7
0.004,0.00016,0.15079389884598507,0.010776194158297978,8843.543320789908,0.0004198866002988089,7.399017912513483e7
0.005,0.00007000000000000001,0.15079390151709662,0.004714584990640686,8843.543482529678,0.00010230647589356946,1.326476223643556e8
0.005,0.00008,0.15079390132353757,0.005388097128094915,8843.543470809365,0.00012597170396055332,1.2316098068635659e8
0.005,0.00009,0.15079390110417118,0.0060616092639227985,8843.54345752643,0.00015279229576926356,1.1426475359470703e8
0.005,0.0001,0.15079390085899616,0.006735121397921037,8843.543442680666,0.00018276825131950095,1.061595688277343e8
0.005,0.00010999999999999999,0.15079390058801442,0.007408633529886347,8843.543426272357,0.00021589957061103808,9.88712849299899e7
0.005,0.00012,0.15079390029122428,0.00808214565961543,8843.54340830131,0.0002521862536436261,9.235154775563852e7
0.005,0.00013000000000000002,0.15079389996862583,0.008755657786904987,8843.543388767433,0.0002916283004169947,8.652514728041849e7
0.005,0.00014000000000000001,0.1507938996202203,0.009429169911551736,8843.54336767099,0.0003342257109308454,8.13116850693405e7
0.005,0.00015,0.15079389924600656,0.010102682033352371,8843.54334501179,0.0003799784851848579,7.663493804095815e7
0.005,0.00016,0.15079389884598496,0.01077619415210361,8843.543320789884,0.00042888662317869133,7.242639126695682e7
0.005,0.00017,0.1507938984201556,0.011449706267602148,8843.543295005267,0.0004809501249119755,6.862606674063884e7
0.005,0.00017999999999999998,0.15079389796851872,0.012123218379644706,8843.543267658019,0.0005361689903843219,6.5182159116760254e7
0.005,0.00019,0.15079389749107366,0.01279673048802798,8843.543238748007,0.0005945432195953113,6.20502075699853e7
0.005,0.0002,0.1507938969878207,0.013470242592548679,8843.5432082753,0.0006560728125445096,5.919214297421914e7
0.006,0.00008400000000000001,0.15079390123888756,0.005657501978657893,8843.543465683653,0.00014732132520643937,1.1053968461264202e8
0.006,0.000096,0.15079390096016335,0.006465716540011773,8843.543448806518,0.00018139925359771195,1.0263415025180607e8
0.006,0.00010800000000000001,0.15079390064427478,0.007273931098555323,8843.543429678957,0.0002200209057733733,9.522062771147597e7
0.006,0.00012,0.1507939002912237,0.008082145653937256,8843.543408301211,0.00026318628173300807,8.846630708735955e7
0.006,0.00013199999999999998,0.1507938999010098,0.008890360205806282,8843.543384673243,0.00031089538147614706,8.239273706738296e7
0.006,0.000144,0.15079389947363192,0.009698574753811104,8843.543358794868,0.00036314820500226954,7.69596229870759e7
0.006,0.00015600000000000002,0.1507938990090906,0.01050678929760043,8843.543330666162,0.00041994475231081955,7.210428923885591e7
0.006,0.00016800000000000002,0.15079389850738673,0.011315003836822983,8843.543300287309,0.00048128502340118054,6.775973718705215e7
0.006,0.00017999999999999998,0.15079389796851822,0.012123218371127446,8843.54326765796,0.0005471690182726813,6.386244801503271e7
0.006,0.000192,0.15079389739248764,0.012931432900162557,8843.54323277847,0.0006175967369246177,6.035532570928176e7
0.006,0.00020400000000000003,0.15079389677929372,0.013739647423577014,8843.543195648714,0.0006925681793562247,5.718838856793167e7
0.006,0.000216,0.15079389612893607,0.014547861941019513,8843.54315626856,0.0007720833455666906,5.431846558005324e7
0.006,0.000228,0.15079389544141536,0.015356076452138784,8843.543114638192,0.0008561422355551567,5.170850587017798e7
0.006,0.00024,0.15079389471673135,0.016164290956583522,8843.543070757501,0.0009447448493207153,4.932678530293884e7
0.007,0.00009800000000000001,0.15079390091009556,0.00660041896116005,8843.543445774802,0.00020052069251292614,9.474830068106581e7
0.007,0.000112,0.1507939005307206,0.0075433359444547435,8843.5434228031,0.00024690453944942696,8.79721283957648e7
0.007,0.00012600000000000003,0.15079390010076207,0.008486252923286745,8843.543396768495,0.0002994728993087339,8.161768017778769e7
0.007,0.00014000000000000001,0.15079389962022055,0.009429169897098213,8843.543367671049,0.00035822577209006565,7.582826289841327e7
0.007,0.000154,0.15079389908909538,0.010372086865331306,8843.543335510645,0.0004231631577925643,7.062234576845379e7
0.007,0.00016800000000000002,0.15079389850738617,0.011315003827428184,8843.543300287218,0.0004942850564152688,6.596539059919413e7
0.007,0.00018200000000000003,0.15079389787509426,0.01225792078283103,8843.54326200103,0.0005715914679571354,6.180367603278562e7
0.007,0.00019600000000000002,0.15079389719221847,0.013200837730981978,8843.54322065186,0.0006550823924170225,5.8079774482300624e7
0.007,0.00021,0.15079389645876035,0.014143754671323224,8843.543176239944,0.0007447578297937063,5.473924076388816e7
0.007,0.000224,0.15079389567471804,0.015086671603296903,8843.54312876501,0.0008406177800858635,5.1733135881711625e7
0.007,0.000238,0.1507938948400925,0.01602958852634519,8843.543078227178,0.0009426622432920787,4.901861837010417e7
0.007,0.000252,0.15079389395488427,0.016972505439910256,8843.543024626568,0.0010508912194108569,4.655868434639896e7
0.007,0.000266,0.15079389301909185,0.017915422343434243,8843.542967962943,0.0011653047084406011,4.432157598025003e7
0.007,0.00028000000000000003,0.15079389203271673,0.018858339236359333,8843.5429082365,0.001285902710379626,4.228010123098797e7
0.008,0.000112,0.15079390053072092,0.0075433359372279836,8843.543422803155,0.00026190457778139313,8.290476308373402e7
0.008,0.000128,0.15079390003521081,0.008620955340178187,8843.543392799318,0.0003224875614741415,7.69756121782471e7
0.008,0.00014400000000000003,0.15079389947363192,0.009698574736466872,8843.543358794837,0.00039114827632240107,7.141547022054791e7
0.008,0.00016,0.150793898845985,0.010776194125261346,8843.543320789875,0.00046788672232485394,6.634972983973386e7
0.008,0.000176,0.15079389815227073,0.01185381350572893,8843.543278784511,0.0005527028994800201,6.179455248742569e7
0.008,0.000192,0.15079389739248786,0.012931432877036917,8843.543232778502,0.0006455968077862748,5.7719716571571246e7
0.008,0.00020800000000000001,0.15079389656663722,0.014009052238352636,8843.54318277204,0.0007465684472418257,5.407821633538066e7
0.008,0.000224,0.15079389567471788,0.015086671588843373,8843.543128764963,0.000855617817844737,5.081980233227839e7
0.008,0.00024,0.15079389471673152,0.016164290927676475,8843.543070757543,0.0009727449195929063,4.7896835357200116e7
0.008,0.000256,0.1507938936926758,0.017241910254019204,8843.543008749373,0.001097949752484084,4.526649358564131e7
0.008,0.00027200000000000005,0.15079389260255324,0.01831952956703892,8843.542942740896,0.0012312323165158624,4.2891290694098026e7
0.008,0.000288,0.15079389144636213,0.019397148865902897,8843.542872731814,0.0013725926116856784,4.073884839416959e7
0.008,0.000304,0.15079389022410292,0.020474768149778458,8843.542798722196,0.0015220306379908131,3.8781378562245525e7
0.008,0.00032,0.1507938889357762,0.02155238741783293,8843.542720712177,0.0016795463954283908,3.699508814962346e7
0.009000000000000001,0.000126,0.15079390010076274,0.008486252905942519,8843.543396768606,0.0003314729809753441,7.369312243663199e7
0.009000000000000001,0.000144,0.15079389947363162,0.009698574725936441,8843.543358794788,0.00040814831962390714,6.84227662821237e7
0.009000000000000001,0.000162,0.15079389876288427,0.010910896536445521,8843.54331575805,0.0004950470367533089,6.3480417799759164e7
0.009000000000000001,0.00017999999999999998,0.15079389796851853,0.012123218336284125,8843.543267657995,0.0005921691323614331,5.897753738073353e7
0.009000000000000001,0.00019799999999999996,0.15079389709053617,0.013335540124266668,8843.543214494888,0.0006995146064459106,5.4928490801962614e7
0.009000000000000001,0.000216,0.1507938961289356,0.014547861899207523,8843.5431562685,0.0008170834590041347,5.1306414454829656e7
0.009000000000000001,0.000234,0.15079389508371868,0.015760183659921108,8843.543092979146,0.0009448756900332428,4.80695252782991e7
0.009000000000000001,0.000252,0.15079389395488443,0.0169725054052218,8843.543024626606,0.0010828912995301217,4.517315733174349e7
0.009000000000000001,0.00026999999999999995,0.15079389274243193,0.018184827133923977,8843.542951210784,0.0012311302874914141,4.2574964438040614e7
0.009000000000000001,0.000288,0.1507938914463625,0.019397148844842053,8843.542872731865,0.001389592653913516,4.023688282979869e7
0.009000000000000001,0.000306,0.1507938900666756,0.020609470536790415,8843.542789189789,0.0015582783987925656,3.812559135024236e7
0.009000000000000001,0.00032399999999999996,0.15079388860337084,0.021821792208583442,8843.542700584492,0.0017371875221244605,3.621230927919142e7
0.009000000000000001,0.00034199999999999996,0.15079388705644922,0.023034113859035556,8843.54260691613,0.0019263200239048454,3.4472336076888554e7
0.009000000000000001,0.00035999999999999997,0.15079388542591018,0.02424643548696114,8843.542508184612,0.002125675904129117,3.28845223313477e7
0.01,0.00014000000000000001,0.15079389962021963,0.009429169866384462,8843.543367670893,0.0004092259020534039,6.632381022875438e7
0.01,0.00016,0.15079389884598535,0.010776194100483876,8843.543320789937,0.0005038868138443861,6.15804894570331e7
0.01,0.00018,0.15079389796851872,0.012123218321572508,8843.543267658019,0.0006111691805322355,5.713237582952925e7
0.01,0.0002,0.15079389698782059,0.013470242528024009,8843.543208275278,0.0007310730021137286,5.307978356282065e7
0.01,0.00021999999999999998,0.1507938959038922,0.014817266718212048,8843.543142641869,0.0008635982785852657,4.943564154059331e7
0.01,0.00024,0.15079389471673169,0.016164290890510268,8843.54307075756,0.0010087450099428646,4.617577278499346e7
0.01,0.00026000000000000003,0.15079389342633942,0.017511315043292307,8843.54299262234,0.0011665131961821587,4.3262572540065885e7
0.01,0.00028000000000000003,0.15079389203271665,0.01885833917493185,8843.542908236494,0.0013369028372984164,4.065584131176386e7
0.01,0.0003,0.15079389053586242,0.020205363283802527,8843.542817599802,0.001519913933286512,3.8317467659181334e7
0.01,0.00032,0.15079388893577608,0.02155238736827798,8843.542720712141,0.001715546484140944,3.621319422411787e7
0.01,0.00034,0.1507938872324585,0.02289941142673188,8843.542617573736,0.0019238004898558423,3.431303184920036e7
0.01,0.00035999999999999997,0.15079388542591018,0.024246435457537883,8843.542508184564,0.002144675950424944,3.25910779714755e7
0.01,0.00038,0.15079388351613054,0.025593459459069646,8843.542392544634,0.0023781728658416185,3.102510205198506e7
0.01,0.0004,0.15079388150311882,0.026940483429700783,8843.54227065375,0.0026242912360988422,2.9596069652236618e7
0.011,0.000154,0.15079389908909502,0.010372086817634664,8843.54333551056,0.0004951633409693454,6.029437276257903e7
0.011,0.000176,0.15079389815227046,0.011853813462574827,8843.543278784462,0.0006097030440748391,5.598226306842568e7
0.011,0.00019800000000000002,0.1507938970905364,0.013335540090197646,8843.543214494914,0.0007395147075818166,5.193852334303102e7
0.011,0.00021999999999999998,0.1507938959038917,0.014817266698338445,8843.543142641804,0.0008845983314855555,4.8254348472528614e7
0.011,0.00024199999999999997,0.15079389459233725,0.016298993284832565,8843.543063225217,0.0010449539157807793,4.494149209026864e7
0.011,0.00026399999999999997,0.15079389315587308,0.017780719847515336,8843.542976245208,0.0012205814604616652,4.1977974985748515e7
0.011,0.000286,0.1507938915944989,0.019262446384222094,8843.542881701713,0.001411480965521817,3.932961111255155e7
0.011,0.000308,0.1507938899082149,0.020744172892788158,8843.542779594707,0.0016176524309543044,3.695985542808813e7
0.011,0.00032999999999999994,0.15079388809702113,0.022225899371048873,8843.542669924285,0.0018390958567516256,3.483406118154317e7
0.011,0.000352,0.15079388616091752,0.023707625816839564,8843.542552690371,0.0020758112429057336,3.292108528515463e7
0.011,0.000374,0.15079388409990366,0.02518935222799556,8843.542427892942,0.0023277985894080175,3.119366493872623e7
0.011,0.0003959999999999999,0.15079388191397938,0.02667107860235218,8843.542295531945,0.0025950578962493204,2.9628252294506855e7
0.011,0.00041799999999999997,0.1507938796031464,0.028152804937744805,8843.542155607682,0.0028775891634199267,2.8204637809225794e7
0.011,0.00043999999999999996,0.1507938771674028,0.02963453123200872,8843.54200811982,0.0031753923909095608,2.6905517424768373e7
0.012,0.00016800000000000002,0.15079389850738634,0.011315003758773942,8843.543300287261,0.0005892852976720645,5.526984151169916e7
0.012,0.000192,0.15079389739248758,0.012931432810963655,8843.543232778471,0.0007255970102481487,5.1317074191959426e7
0.012,0.00021600000000000002,0.1507938961289364,0.014547861840670756,8843.54315626862,0.000880083617816553,4.761031279337797e7
0.012,0.00024,0.1507938947167316,0.0161642908450849,8843.543070757545,0.0010527451203705925,4.423315251393083e7
0.012,0.00026399999999999997,0.15079389315587324,0.01778071982139575,8843.542976245217,0.0012435815179027985,4.119636744581162e7
0.012,0.000288,0.15079389144636218,0.019397148766793007,8843.54287273181,0.0014525928104049117,3.847981015253258e7
0.012,0.00031200000000000005,0.15079388958819792,0.02101357767846633,8843.542760217233,0.0016797789978678947,3.605214319229657e7
0.012,0.00033600000000000004,0.1507938875813807,0.02263000655360538,8843.542638701498,0.0019251400802819075,3.387986716727635e7
0.012,0.00035999999999999997,0.15079388542591002,0.02424643538939983,8843.542508184535,0.002188676057636343,3.1931222409131214e7
0.012,0.000384,0.15079388312178682,0.02586286418303938,8843.542368666536,0.002470386929919799,3.0177661145629786e7
0.012,0.00040800000000000005,0.15079388066900945,0.027479292931713653,8843.542220147192,0.0027702726971200785,2.859419247196641e7
0.012,0.000432,0.15079387806758007,0.02909572163261237,8843.542062626882,0.0030883333592242154,2.7159230863106042e7
0.012,0.000456,0.15079387531749686,0.03071215028292516,8843.541896105253,0.0034245689162184447,2.585425088598973e7
0.012,0.00048,0.1507938724187607,0.03232857887984171,8843.541720582494,0.0037789793680882183,2.4663390505894057e7
0.013000000000000001,0.000182,0.15079389787509417,0.012257920688883107,8843.543262001023,0.0006915917721055926,5.1018315045423e7
0.013000000000000001,0.000208,0.15079389656663722,0.014009052144404713,8843.543182772037,0.0008515687122907855,4.736960675950347e7
0.013000000000000001,0.00023400000000000002,0.1507938950837188,0.015760183571341645,8843.54309297915,0.0010328759111427883,4.394798082054864e7
0.013000000000000001,0.00026,0.15079389342633984,0.017511314966120805,8843.542992622415,0.0012355133686523913,4.083060208103901e7
0.013000000000000001,0.00028599999999999996,0.1507938915944996,0.019262446325169123,8843.542881701804,0.001459481084809308,3.8027415853963755e7
0.013000000000000001,0.000312,0.15079388958819792,0.021013577644913496,8843.542760217226,0.0017047790596021655,3.551982445472479e7
0.013000000000000001,0.00033800000000000003,0.15079388740743635,0.022764708921780872,8843.542628168969,0.001971407293018505,3.327890112170664e7
0.013000000000000001,0.000364,0.15079388505221283,0.02451584015219812,8843.542485556658,0.0022593657850447897,3.1273723202416744e7
0.013000000000000001,0.00039,0.1507938825225288,0.026266971332592186,8843.542332380579,0.002568654535666396,2.947497419160799e7
0.013000000000000001,0.000416,0.1507938798183834,0.028018102459389963,8843.54216864056,0.0028992735448676223,2.785630223117122e7
0.013000000000000001,0.000442,0.1507938769397773,0.02976923352901839,8843.541994336703,0.003251222812631678,2.6394638808717776e7
0.013000000000000001,0.00046799999999999994,0.15079387388671037,0.03152036453790436,8843.541809469018,0.003624502338940692,2.5070058835673753e7
0.013000000000000001,0.000494,0.15079387065918232,0.0332714954824748,8843.541614037418,0.0040191121237757085,2.3865461915943194e7
0.013000000000000001,0.00052,0.15079386725719324,0.035022626359156615,8843.541408041976,0.004435052167116694,2.276620615769453e7
0.014,0.00019600000000000002,0.15079389719221883,0.013200837607042997,8843.543220651898,0.0008020827642090933,4.7374149537452854e7
0.014,0.000224,0.15079389567471868,0.01508667146165236,8843.5431287651,0.0009876181501228417,4.398606320180114e7
0.014,0.00025200000000000005,0.15079389395488427,0.01697250528056014,8843.543024626564,0.0011978915874587303,4.080883913929519e7
0.014,0.00028000000000000003,0.15079389203271626,0.018858339059303633,8843.54290823641,0.0014329030762043795,3.791413029347536e7
0.014,0.000308,0.15079388990821527,0.020744172793420175,8843.542779594754,0.0016926526163459534,3.531117162126809e7
0.014,0.00033600000000000004,0.15079388758138046,0.02263000647844704,8843.542638701443,0.0019771402078681494,3.2982693883834127e7
0.014,0.00036400000000000007,0.15079388505221258,0.024515840109921555,8843.542485556622,0.0022863658507542178,3.0901836463200103e7
0.014,0.00039200000000000004,0.15079388232071173,0.026401673683381015,8843.542320160272,0.0026203295449859464,2.903988551842734e7
0.014,0.00042,0.1507938793868769,0.028287507194362696,8843.542142512233,0.0029790312905436656,2.7369618550115056e7
0.014,0.000448,0.1507938762507083,0.03017334063840392,8843.54195261259,0.0033624710874062525,2.5866565997820575e7
0.014,0.000476,0.15079387291220675,0.032059174011041996,8843.541750461422,0.003770648935551132,2.4509307074939627e7
0.014,0.000504,0.1507938693713713,0.033945007307814204,8843.541536058581,0.004203564834954253,2.3279339940079283e7
0.014,0.000532,0.1507938656282028,0.03583084052425787,8843.541309404207,0.0046612187855901354,2.2160785630411394e7
0.014,0.0005600000000000001,0.15079386168270048,0.03771667365591028,8843.541070498219,0.005143610787431821,2.114004811545467e7
0.015,0.00021,0.1507938964587607,0.014143754512334445,8843.54317623999,0.0009207582739168619,4.4215872821810916e7
0.015,0.00024,0.15079389471673155,0.016164290761460927,8843.543070757532,0.0011337453236580006,4.1053658885355994e7
0.015,0.00027,0.150793892742432,0.018184826966676036,8843.542951210778,0.001375130646654439,3.808824970582227e7
0.015,0.0003,0.15079389053586156,0.02020536312249084,8843.54281759965,0.0016449142428898603,3.538652140991228e7
0.015,0.00032999999999999994,0.15079388809702104,0.02222589922341643,8843.54266992427,0.001943096112346029,3.295709328669288e7
0.015,0.00035999999999999997,0.15079388542591002,0.024246435263963872,8843.542508184526,0.0022696762550027815,3.0783847371178925e7
0.015,0.00039,0.15079388252252865,0.02626697123864427,8843.542332380548,0.0026246546708380415,2.8841713764073845e7
0.015,0.00042,0.15079387938687666,0.02828750714196867,8843.542142512213,0.003008031359827814,2.7103892857310385e7
0.015,0.00045,0.15079387601895414,0.03030804296844815,8843.541938579545,0.0034198063219461777,2.5544976988479126e7
0.015,0.00048,0.15079387241876005,0.032328578712593765,8843.5417205824,0.003859979557165296,2.414212790533061e7
0.015,0.00051,0.150793868586297,0.034349114368916675,8843.541488521187,0.004328551065455413,2.2875352895365853e7
0.015,0.0005399999999999999,0.15079386452156288,0.03636964993192785,8843.54124239553,0.004825520846784845,2.1727383538715027e7
0.015,0.00057,0.15079386022455787,0.03839018539613843,8843.54098220552,0.005350888901120003,2.068339949200309e7
0.015,0.0006,0.1507938556952827,0.040410720756059476,8843.540707951255,0.005904655228425365,1.973071112397105e7
0.016,0.000224,0.15079389567471843,0.01508667140383825,8843.54312876504,0.001047618301158336,4.145238061552906e7
0.016,0.000256,0.15079389369267632,0.01724191004258478,8843.543008749437,0.0012899502328035729,3.8487805053516105e7
0.016,0.00028800000000000006,0.15079389144636254,0.019397148628039172,8843.542872731869,0.0015645930886118418,3.5707733916867316e7
0.016,0.00032,0.15079388893577586,0.02155238715353988,8843.542720712097,0.001871546868562015,3.317486361237953e7
0.016,0.000352,0.15079388616091768,0.023707625612425426,8843.542552690395,0.0022108115726304856,3.0897274736334175e7
0.016,0.000384,0.1507938831217864,0.025862863998034256,8843.54236866648,0.0025823872007911565,2.8859856653308652e7
0.016,0.00041600000000000003,0.15079387981838338,0.028018102303704856,8843.542168640537,0.002986273753015442,2.703910637162483e7
0.016,0.000448,0.15079387625070914,0.03017334052277575,8843.541952612703,0.0034224712292722868,2.540989924130228e7
0.016,0.00048,0.15079387241876097,0.032328578648585335,8843.541720582549,0.0038909796295281294,2.3948415586396046e7
0.016,0.000512,0.1507938683225409,0.03448381667447213,8843.541472550349,0.004391798953746933,2.2633244554702334e7
0.016,0.0005440000000000001,0.15079386396204839,0.03663905459377462,8843.541208516051,0.00492492920189018,2.1445642955426894e7
0.016,0.000576,0.15079385933728454,0.0387942923998313,8843.540928479826,0.0054903703739168615,2.0369421657732695e7
0.016,0.000608,0.15079385444824808,0.040949530085980616,8843.54063244145,0.006088122469783486,1.9390686588759903e7
0.016,0.00064,0.15079384929493939,0.04310476764556105,8843.540320401013,0.006718185489444071,1.849754121865345e7
0.017,0.000238,0.1507938948400928,0.016029588280635255,8843.543078227209,0.0011826628458580766,3.901400514352133e7
0.017,0.00027200000000000005,0.15079389260255374,0.018319529303778285,8843.542942740954,0.0014562328774604654,3.622381636006394e7
0.017,0.00030600000000000007,0.15079389006667526,0.02060947026299934,8843.542789189727,0.0017662789132047137,3.3607278780630365e7
0.017,0.00034,0.15079388723245846,0.022899411150308205,8843.542617573705,0.002112800953063895,3.1223400827753264e7
0.017,0.000374,0.15079388409990316,0.02518935195771463,8843.542427892859,0.002495798997007924,2.9079787736124393e7
0.017,0.00040800000000000005,0.15079388066900964,0.02747929267722838,8843.542220147225,0.002915273045003543,2.7162217765004985e7
0.017,0.00044200000000000006,0.15079387693977786,0.029769233300859187,8843.541994336767,0.0033712230970143245,2.544857040985634e7
0.017,0.000476,0.15079387291220675,0.032059173820616814,8843.541750461394,0.003863649153000679,2.3915198971337315e7
0.017,0.00051,0.15079386858629712,0.034349114228511,8843.541488521183,0.004392551212919848,2.253968492058362e7
0.017,0.0005440000000000001,0.1507938639620493,0.03663905451655153,8843.541208516182,0.004957929276725903,2.1301876867049992e7
0.017,0.0005780000000000001,0.15079385903946266,0.038928994676748124,8843.5409104463,0.005559783344369754,2.018413415477506e7
0.017,0.000612,0.1507938538185374,0.04121893470111053,8843.540594311591,0.00619811341579913,1.917121997230258e7
0.017,0.000646,0.15079384829927275,0.043508874581648475,8843.540260111895,0.006872919490958607,1.8250057530877866e7
0.017,0.00068,0.15079384248167033,0.04579881431037179,8843.539907847502,0.007584201569789601,1.740945009545475e7
0.018000000000000002,0.000252,0.15079389395488377,0.01697250514180628,8843.543024626493,0.001325891907935786,3.684656022656684e7
0.018000000000000002,0.000288,0.1507938914463623,0.019397148543795758,8843.542872731823,0.0016325932575231947,3.4211381910323784e7
0.018000000000000002,0.000324,0.1507938886033711,0.021821791869906376,8843.5427005845,0.0019801881202986885,3.174020752457037e7
0.018000000000000002,0.00035999999999999997,0.1507938854259102,0.024246435110653275,8843.542508184577,0.002368676496228427,2.9488767221249275e7
0.018000000000000002,0.0003959999999999999,0.15079388191398,0.026671078256551604,8843.542295532021,0.002798058385274595,2.7464243728157353e7
0.018000000000000002,0.000432,0.15079387806758002,0.029095721298116495,8843.542062626815,0.003268333787395389,2.5653205400538318e7
0.018000000000000002,0.000468,0.15079387388671087,0.0315203642258631,8843.541809469065,0.0037795027025450314,2.4034760647327382e7
0.018000000000000002,0.000504,0.15079386937137135,0.033945007030306534,8843.541536058568,0.004331565130673759,2.2586576483812485e7
0.018000000000000002,0.0005399999999999999,0.1507938645215627,0.03636964970196194,8843.541242395471,0.004924521071727819,2.128747986177981e7
0.018000000000000002,0.000576,0.15079385933728495,0.03879429223134452,8843.540928479877,0.005558370525649506,2.011843889469144e7
0.018000000000000002,0.000612,0.15079385381853705,0.0412189346089693,8843.540594311513,0.006233113492377098,1.9062792979184467e7
0.018000000000000002,0.0006479999999999999,0.1507938479653192,0.04364357682535146,8843.540239890506,0.006948749971844911,1.810615177964955e7
0.018000000000000002,0.0006839999999999999,0.15079384177763266,0.046068218871006185,8843.539865216995,0.007705279963983289,1.7236165005141135e7
0.018000000000000002,0.0007199999999999999,0.15079383525547643,0.048492860736448554,8843.539470290822,0.008502703468718571,1.644225796037635e7
0.019,0.000266,0.1507938930190919,0.01791542198643216,8843.542967962912,0.0014773054873062875,3.49072674317715e7
0.019,0.000304,0.15079389022410372,0.020474767761391593,8843.542798722308,0.0018190313728798759,3.2410782689740874e7
0.019,0.000342,0.15079388705644953,0.023034113447110087,8843.542606916137,0.0022063207097512486,3.0069670114259694e7
0.019,0.00038,0.1507938835161302,0.02559345903243254,8843.542392544558,0.0026391734978784076,2.7936726626788087e7
0.019,0.00041799999999999997,0.15079387960314633,0.028152804506203836,8843.542155607629,0.003117589737214396,2.6018756981197644e7
0.019,0.000456,0.15079387531749705,0.030712149857268854,8843.541896105264,0.003641569427707325,2.4303036430243455e7
0.019,0.0004940000000000001,0.15079387065918232,0.033271495074472454,8843.541614037389,0.004211112569300359,2.276977295143427e7
0.019,0.000532,0.15079386562820313,0.03583084014665956,8843.541309404249,0.004826219161931721,2.1397808987926453e7
0.019,0.00057,0.15079386022455876,0.038390185062675004,8843.540982205635,0.005486889205534691,2.0167085843342934e7
0.019,0.000608,0.15079385444824833,0.040949529811363655,8843.540632441465,0.006193122700037604,1.905957332612478e7
0.019,0.000646,0.15079384829927361,0.04350887438157046,8843.54026011203,0.006944919645363866,1.8059487698767588e7
0.019,0.0006839999999999999,0.1507938417776328,0.04606821876214018,8843.539865217006,0.007742280041431924,1.715319601010306e7
0.019,0.000722,0.1507938348833283,0.048627562941917835,8843.539447756766,0.008585203888155302,1.6328997987360368e7
0.019,0.00076,0.15079382761635696,0.051186906909748135,8843.539007730857,0.00947369118544255,1.5576875501199067e7
0.02,0.00028000000000000003,0.15079389203271618,0.0188583388135937,8843.542908236404,0.0016369035838795481,3.3161903911719076e7
0.02,0.00032,0.15079388893577622,0.02155238695532011,8843.542720712154,0.0020155472234122383,3.079024338955993e7
0.02,0.00036,0.1507938854259109,0.024246434992960305,8843.542508184684,0.0024446766814117545,2.856618639622668e7
0.02,0.0004,0.1507938815031194,0.02694048291350347,8843.542270653821,0.0029242919578265176,2.653989007100876e7
0.02,0.00043999999999999996,0.1507938771674027,0.029634530703938844,8843.542008119759,0.0034543930525988862,2.47178188887349e7
0.02,0.00048,0.15079387241876116,0.032328578351255674,8843.541720582538,0.004034979965665157,2.3087884337839067e7
0.02,0.0005200000000000001,0.15079386725719376,0.035022625842443145,8843.541408042027,0.0046660526969555475,2.1631284014552448e7
0.02,0.0005600000000000001,0.15079386168270148,0.037716673164490476,8843.541070498302,0.00534761124639421,2.0327918223995496e7
0.02,0.0006,0.15079385569528345,0.04041072030438687,8843.540707951328,0.006079655613899231,1.9158731213794343e7
0.02,0.00064,0.15079384929493947,0.04310476724912154,8843.540320400996,0.006862185799382631,1.8106594295754623e7
0.02,0.00068,0.15079384248167133,0.04579881398568375,8843.539907847618,0.0076952018027503675,1.7156512923209097e7
0.02,0.0007199999999999999,0.1507938352554768,0.048492860501062614,8843.539470290845,0.008578703623902308,1.6295535796266645e7
0.02,0.00076,0.1507938276163572,0.051186906782247424,8843.539007730886,0.009512691262732293,1.5512547649614196e7
0.02,0.0008,0.15079381956431218,0.053880952816227345,8843.538520167689,0.01049716471912805,1.479803126227693e7
0.021,0.00029400000000000004,0.15079389099575766,0.019801255622371745,8843.542845447044,0.0018046861975606653,3.158276548199877e7
0.021,0.00033600000000000004,0.15079388758138054,0.02263000612433568,8843.542638701463,0.002222140808995615,2.93240411726791e7
0.021,0.0003780000000000001,0.15079388371175376,0.02545875650580679,8843.542404389844,0.0026952560351213924,2.720589162127067e7
0.021,0.00042,0.15079387938687663,0.028287506751723493,8843.542142512175,0.003224031875875295,2.527608557817101e7
0.021,0.000462,0.15079387460674928,0.031116256847024158,8843.541853068424,0.0038084683311872683,2.354077965491946e7
0.021,0.000504,0.15079386937137193,0.03394500677664719,8843.541536058623,0.004448565400979867,2.198846101162644e7
0.021,0.000546,0.15079386368074443,0.036773756525531,8843.541191482778,0.005144323085168279,2.060122258303029e7
0.021,0.0005880000000000001,0.15079385753486582,0.0396025060786139,8843.540819340713,0.0058957413836603035,1.935992180692066e7
0.021,0.00063,0.1507938509337373,0.042431255420834355,8843.540419632645,0.006702820296356385,1.8246410341351397e7
0.021,0.0006720000000000001,0.15079384387735859,0.04526000453713073,8843.539992358497,0.007565559823149582,1.7244375154161002e7
0.021,0.0007140000000000001,0.15079383636573074,0.04808875341244144,8843.539537518425,0.008483959963925576,1.6339535728325654e7
0.021,0.0007559999999999999,0.15079382839885125,0.05091750203170475,8843.539055112084,0.009458020718562665,1.5519557486323986e7
0.021,0.000798,0.15079381997672137,0.05374625037985913,8843.538545139641,0.010487742086931791,1.4773854467617612e7
0.021,0.00084,0.15079381109934234,0.056574998441843,8843.538007601299,0.011573124068896523,1.4093362643637892e7
0.022,0.000308,0.1507938899082154,0.020744172411847103,8843.542779594769,0.0019806533282498663,3.014718509720751e7
0.022,0.000352,0.15079388616091777,0.023707625267192653,8843.54255269038,0.0024388121294989565,2.7991130036290612e7
0.022,0.00039600000000000003,0.15079388191398035,0.02667107798399943,8843.542295532056,0.0029580587707132328,2.5969259992285594e7
0.022,0.00043999999999999996,0.15079387716740295,0.02963453054495008,8843.542008119794,0.003538393251817175,2.4127172380960967e7
0.022,0.00048399999999999995,0.15079387192118615,0.032597982932727275,8843.541690453623,0.0041798155727263975,2.247074397845889e7
0.022,0.0005279999999999999,0.15079386617532928,0.03556143513001363,8843.541342533505,0.004882325733347621,2.0988985245036114e7
0.022,0.000572,0.1507938599298335,0.03852488711949185,8843.540964359596,0.005645923733578685,1.9664803083157014e7
0.022,0.000616,0.15079385318469743,0.041488338883844504,8843.540555931653,0.006470609573308536,1.847992504312805e7
0.022,0.0006599999999999999,0.150793845939921,0.04445179040575423,8843.540117249666,0.007356383252417239,1.741702771274562e7
0.022,0.000704,0.1507938381955056,0.047415241667903736,8843.53964831391,0.008303244770776007,1.6460539555776162e7
0.022,0.000748,0.1507938299514509,0.050378692652975635,8843.539149124264,0.009311194128247123,1.5596829168313412e7
0.022,0.0007919999999999998,0.1507938212077557,0.053342143343652525,8843.538619680618,0.010380231324684009,1.4814122640790066e7
0.022,0.0008359999999999999,0.15079381196442138,0.0563055937226171,8843.53805998312,0.011510356359931211,1.4102315188070223e7
0.022,0.0008799999999999999,0.15079380222144662,0.05926904377255188,8843.53747003157,0.012701569233824365,1.3452754785889124e7
0.023,0.000322,0.15079388877008967,0.021687089181100606,8843.542710679547,0.0021648049758425203,2.883643776614456e7
0.023,0.000368,0.1507938846743864,0.02478524438264537,8843.542462678713,0.00266556118478481,2.677412420038337e7
0.023,0.00041400000000000003,0.15079388003258865,0.027883399425887977,8843.542181610956,0.0032330848880121874,2.4840161540938314e7
0.023,0.00046,0.15079387484469792,0.030981554291040693,8843.541867476597,0.0038673760854344573,2.307816465972642e7
0.023,0.0005059999999999999,0.15079386911071246,0.0340797089583157,8843.541520275285,0.004568434776950789,2.149375486334288e7
0.023,0.000552,0.15079386283063373,0.037177863407925234,8843.541140007232,0.005336260962449764,2.0076420402910203e7
0.023,0.000598,0.15079385600446182,0.04027601762008159,8843.540726672543,0.006170854641809343,1.8809811352404967e7
0.023,0.000644,0.15079384863219494,0.04337417157499685,8843.540280270867,0.007072215814896855,1.7676449726616945e7
0.023,0.00069,0.15079384071383464,0.04647232525288331,8843.539800802482,0.008040344481569045,1.6659765297446044e7
0.023,0.000736,0.15079383224938042,0.04957047863395319,8843.539288267275,0.009075240641672037,1.57448635572247e7
0.023,0.000782,0.15079382323883259,0.05266863169841868,8843.538742665332,0.01017690429504133,1.491870577112161e7
0.023,0.000828,0.15079381368219089,0.05576678442649198,8843.538163996582,0.01134533544150183,1.4170029936003601e7
0.023,0.000874,0.15079380357945524,0.0588649367983853,8843.537552261007,0.01258053408086781,1.348917060909463e7
0.023,0.00092,0.15079379293062573,0.06196308879431087,8843.536907458678,0.013882500212942952,1.286785193963479e7
0.024,0.00033600000000000004,0.15079388758138126,0.0226300059292131,8843.542638701563,0.002357141140229121,2.763491938108832e7
0.024,0.000384,0.150793883121787,0.025862863469448192,8843.542368666516,0.0029023879747093243,2.5658535527400848e7
0.024,0.00043200000000000004,0.15079387806758052,0.02909572082982231,8843.542062626884,0.0035203343868350327,2.38051546185708e7
0.024,0.00048,0.15079387241876138,0.032328577987852776,8843.541720582554,0.004210980376499301,2.2116574250357218e7
0.024,0.0005279999999999999,0.15079386617532958,0.03556143492105696,8843.541342533526,0.004974325943582594,2.0598181505439706e7
0.024,0.000576,0.15079385933728534,0.03879429160695227,8843.540928479852,0.005810371087952815,1.9239902621675685e7
0.024,0.0006240000000000001,0.15079385190462896,0.04202714802305606,8843.5404784216,0.00671911580946527,1.8026068923702035e7
0.024,0.0006720000000000001,0.1507938438773597,0.04526000414688563,8843.539992358605,0.007700560107962676,1.693993067069349e7
0.024,0.0007199999999999999,0.15079383525547738,0.04849285995595834,8843.539470290872,0.008754703983275174,1.5965608069600148e7
0.024,0.000768,0.15079382603898303,0.0517257154277916,8843.538912218557,0.009881547435220347,1.508882721074151e7
0.024,0.0008160000000000001,0.15079381622787566,0.054958570539902704,8843.538318141498,0.011081090463603163,1.429709264035e7
0.024,0.000864,0.15079380582215604,0.05819142526980902,8843.53768805982,0.012353333068216017,1.3579611606915286e7
0.024,0.000912,0.15079379482182495,0.06142427959502797,8843.53702197364,0.013698275248838748,1.2927121393210758e7
0.024,0.00096,0.15079378322688008,0.06465713349307671,8843.536319882605,0.015115917005238561,1.2331690977490995e7
0.025,0.00035000000000000005,0.15079388634208876,0.02357292265526536,8843.542563660532,0.002557661821295295,2.652952246559799e7
0.025,0.0004,0.15079388150311973,0.026940482526355482,8843.542270653845,0.0031492924991222684,2.463219393857936e7
0.025,0.0004500000000000001,0.15079387601895458,0.030308042194152184,8843.541938579547,0.0038198072669903952,2.2852948240681935e7
0.025,0.0005,0.15079386988959345,0.03367560163324378,8843.541567437682,0.004569206124773758,2.1231911067721665e7
0.025,0.00055,0.15079386311503695,0.0370431608182186,8843.541157228321,0.005397489072331637,1.9774254001076866e7
0.025,0.0006000000000000001,0.15079385569528408,0.04041071972366495,8843.540707951364,0.006304656109508481,1.8470306249926258e7
0.025,0.0006500000000000001,0.1507938476303349,0.04377827832417109,8843.54021960675,0.007290707236133932,1.730502587693259e7
0.025,0.0007000000000000001,0.15079383892019002,0.04714583659432538,8843.539692194605,0.008355642452022829,1.626233312730618e7
0.025,0.00075,0.15079382956484952,0.05051339450871609,8843.539125714948,0.009499461756975178,1.5326983404259244e7
0.025,0.0008,0.15079381956431315,0.053880952041931524,8843.538520167715,0.01072216515077619,1.4485273755812153e7
0.025,0.0008500000000000001,0.1507938089185814,0.057248509168560016,8843.537875553053,0.012023752633196263,1.372520854328759e7
0.025,0.0009,0.15079379762765321,0.06061606586318976,8843.537191870677,0.013404224203990954,1.303642672654615e7
0.025,0.00095,0.15079378569152843,0.06398362210040903,8843.536469120647,0.014863579862901021,1.2410036096875789e7
0.025,0.001,0.15079377311020847,0.0673511778548062,8843.535707303192,0.016401819609652438,1.1838422872694133e7
0.026000000000000002,0.000364,0.15079388505221325,0.024515839358338246,8843.542485556663,0.00276636701892181,2.5509156070306998e7
0.026000000000000002,0.000416,0.15079387981838457,0.028018101552121585,8843.542168640699,0.003406274757867008,2.368480170566604e7
0.026000000000000002,0.00046800000000000005,0.15079387388671125,0.03152036351722744,8843.54180946905,0.0041315035282787575,2.197398850243957e7
0.026000000000000002,0.00052,0.15079386725719413,0.035022625225071165,8843.541408042016,0.004942053330009752,2.0415298887955524e7
0.026000000000000002,0.0005719999999999999,0.15079385992983346,0.03852488664706806,8843.540964359494,0.005837924162895362,1.9013705530126635e7
0.026000000000000002,0.000624,0.15079385190462918,0.04202714775463347,8843.540478421599,0.006819116026753627,1.7759909590900496e7
0.026000000000000002,0.0006760000000000001,0.15079384318158037,0.045529408519182614,8843.539950228102,0.007885628921385248,1.6639447667269394e7
0.026000000000000002,0.000728,0.1507938337606882,0.04903166891213082,8843.539379779215,0.009037462846573604,1.563685846255992e7
0.026000000000000002,0.00078,0.15079382364195126,0.052533928904893355,8843.5387670747,0.010274617802084737,1.4737483702936387e7
0.026000000000000002,0.000832,0.1507938128253717,0.056036188468885584,8843.53811211492,0.011597093787667382,1.3928147477011984e7
0.026000000000000002,0.000884,0.15079380131094733,0.05953844757552268,8843.537414899514,0.013004890803052914,1.3197315516770622e7
0.026000000000000002,0.0009359999999999999,0.15079378909867974,0.06304070619622,8843.536675428746,0.014498008847955391,1.2535025283429716e7
0.026000000000000002,0.000988,0.15079377618856707,0.06654296430239269,8843.535893702305,0.016076447922071538,1.1932726575515375e7
0.026000000000000002,0.00104,0.15079376258061203,0.07004522186545617,8843.53506972063,0.017740208025080775,1.1383098450684438e7
0.027,0.000378,0.15079388371175428,0.025458756037512586,8843.5424043899,0.0029832567329845607,2.4564372367370587e7
0.027,0.000432,0.150793878067581,0.029095720545500834,8843.542062626939,0.0036733347507805253,2.280758665795089e7
0.027,0.00048600000000000005,0.1507938716708505,0.0327326847973979,8843.541675295433,0.004455423170492468,2.116013688679653e7
0.027,0.00054,0.15079386452156365,0.0363696487611924,8843.541242395531,0.005329521991949079,1.9659176491508182e7
0.027,0.0005939999999999999,0.15079385661972064,0.04000661240487294,8843.54076392733,0.006295631214958902,1.83094939760554e7
0.027,0.000648,0.1507938479653208,0.04364357569642807,8843.540239890614,0.00735375083931032,1.710213489531061e7
0.027,0.000702,0.15079383855836478,0.047280538603846414,8843.539670285567,0.00850388086477157,1.602317153621839e7
0.027,0.000756,0.1507938283988527,0.05091750109511655,8843.539055112202,0.00974602129109073,1.5057715239854898e7
0.027,0.00081,0.15079381748678275,0.05455446313822691,8843.538394370167,0.011080172117995701,1.41916506325887e7
0.027,0.000864,0.1507938058221572,0.058191424701166235,8843.537688059916,0.012506333345194293,1.3412289796229495e7
0.027,0.0009180000000000001,0.15079379340497556,0.06182838575192303,8843.536936181288,0.014024504972374107,1.2708525661454387e7
0.027,0.0009719999999999999,0.1507937802352364,0.06546534625848574,8843.536138734118,0.015634686999202587,1.2070764671844708e7
0.027,0.001026,0.15079376631294136,0.06910230618884304,8843.53529571862,0.01733687942532707,1.1490773299149284e7
0.027,0.00108,0.15079375163808947,0.07273926551098338,8843.53440713467,0.019131082250374704,1.0961501745999921e7
0.028,0.00039200000000000004,0.15079388232071186,0.02640167269186919,8843.542320160226,0.003208330963354581,2.368707319633323e7
0.028,0.000448,0.15079387625070897,0.030173339505247584,8843.541952612608,0.003950472477693402,2.1993029817600593e7
0.028,0.0005040000000000001,0.15079386937137224,0.03394500603301336,8843.541536058598,0.004791566193415725,2.040441751454428e7
0.028,0.0005600000000000001,0.15079386168270212,0.03771667223946495,8843.541070498335,0.005731612110323412,1.8957062823163465e7
0.028,0.000616,0.1507938531846978,0.04148833808890069,8843.540555931597,0.0067706102281950165,1.765558323218826e7
0.028,0.0006720000000000001,0.1507938438773601,0.04526000354561904,8843.539992358594,0.007908560546785804,1.6491344095114639e7
0.028,0.0007280000000000001,0.15079383376068822,0.04903166857391838,8843.539379779148,0.009145463065827702,1.545091511747801e7
0.028,0.0007840000000000001,0.15079382283468287,0.052803333138097104,8843.538718193451,0.010481317785029354,1.4519939378476832e7
0.028,0.00084,0.15079381109934462,0.05657499720245359,8843.538007601479,0.011916124704076077,1.3684805624021968e7
0.028,0.000896,0.1507937985546711,0.06034666073128611,8843.537248002902,0.013449883822629866,1.2933279079367392e7
0.028,0.000952,0.1507937852006646,0.06411832368889318,8843.536439398134,0.01508259514032946,1.2254649352970563e7
0.028,0.001008,0.15079377103732441,0.06788998603957307,8843.53558178701,0.01681425865679023,1.1639665516481621e7
0.028,0.001064,0.1507937560646504,0.07166164774762415,8843.534675169518,0.01864487437160426,1.1080388096321668e7
0.028,0.0011200000000000001,0.15079374028264225,0.07543330877734471,8843.533719545621,0.020574442284340334,1.0570019073650101e7
0.029,0.000406,0.15079388087908618,0.027344589320488884,8843.54223286767,0.0034415897098980207,2.287027743076664e7
0.029,0.00046400000000000006,0.15079387436776923,0.03125095843011621,8843.541838597788,0.004237687938429828,2.1234649310222834e7
0.029,0.0005220000000000001,0.1507938669882769,0.03515732722242367,8843.541391758681,0.005139932596824578,1.9700816720051415e7
0.029,0.00058,0.15079385874060913,0.03906369565774622,8843.540892350253,0.006148323684854279,1.830337078723166e7
0.029,0.000638,0.15079384962476514,0.04297006369641885,8843.540340372432,0.007262861202264124,1.7046769775483057e7
0.029,0.000696,0.1507938396407455,0.046876431298776555,8843.53973582526,0.008483545148772472,1.5922676792113665e7
0.029,0.0007540000000000001,0.15079382878855102,0.05078279842515439,8843.539078708953,0.009810375524070896,1.4918124649948046e7
0.029,0.000812,0.15079381706818068,0.054689165035887215,8843.538369023268,0.011243352327824089,1.4019251497893123e7
0.029,0.00087,0.15079380447963456,0.05859553109131003,8843.537606768226,0.01278247555966997,1.3212915433067478e7
0.029,0.0009280000000000001,0.15079379102291288,0.06250189655175778,8843.53679194387,0.014427745219219615,1.2487303571730124e7
0.029,0.0009860000000000001,0.15079377669801558,0.06640826137756543,8843.535924550215,0.01617916130605728,1.1832074846546613e7
0.029,0.001044,0.15079376150494223,0.07031462552906786,8843.535004587187,0.0180367238197404,1.1238297323213587e7
0.029,0.0011020000000000001,0.15079374544369403,0.07422098896660008,8843.534032054951,0.020000432759799604,1.0698305306000242e7
0.029,0.00116,0.1507937285142699,0.0781273516504969,8843.533006953352,0.022070288125738663,1.0205535191161243e7
0.03,0.00042,0.15079387938687722,0.028287505922452504,8843.542142512206,0.003683032972476188,2.2107934703692738e7
0.03,0.00048,0.15079387241876185,0.032328577318861074,8843.541720582567,0.004534981132807606,2.0526827492486805e7
0.03,0.00054,0.15079386452156443,0.036369648363978595,8843.54124239562,0.005500522380486943,1.904412263709635e7
0.03,0.0006,0.1507938556952847,0.040410719013893696,8843.540707951386,0.006579656715253112,1.769325821089913e7
0.03,0.0006599999999999999,0.150793845939923,0.044451789224694956,8843.540117249866,0.007772384136814292,1.6478543874023648e7
0.03,0.0007199999999999999,0.1507938352554786,0.048492858952470914,8843.539470290943,0.009078704644847944,1.5391920632227354e7
0.03,0.00078,0.1507938236419533,0.05253392815331027,8843.538767074919,0.010498618239000838,1.4420853536319235e7
0.03,0.00084,0.15079381109934453,0.056574996783301426,8843.538007601388,0.012032124918888977,1.3551942797072714e7
0.03,0.0009,0.15079379762765452,0.0606160647985331,8843.537191870733,0.013679224684097699,1.277248457626404e7
0.03,0.00096,0.1507937832268823,0.06465713215509375,8843.536319882733,0.015439917534181585,1.207105975251254e7
0.03,0.00102,0.15079376789702792,0.06869819880907191,8843.535391637432,0.017314203468664528,1.1437671959362566e7
0.03,0.0010799999999999998,0.15079375163809133,0.07273926471655612,8843.534407134832,0.019302082487039667,1.0863686995752e7
0.03,0.00114,0.15079373445007246,0.07678032983363486,8843.533366374922,0.021403554588769476,1.034169468729807e7
0.03,0.0012,0.15079371633297195,0.08082139411639672,8843.532269357787,0.023618619773285675,9.865350217322312e6
0.031,0.00043400000000000003,0.1507938778440853,0.029230422496840873,8843.542049093903,0.003932660750945513,2.139477536181591e7
0.031,0.000496,0.15079387040368647,0.0334061961702365,8843.541598566795,0.004842352060638134,1.986467159566075e7
0.031,0.000558,0.15079386197123437,0.037581969456028,8843.541087969397,0.0058733355441625956,1.8429795900291838e7
0.031,0.00062,0.15079385254672936,0.04175774230576485,8843.54051730175,0.007025611201221206,1.7122507724544466e7
0.031,0.000682,0.1507938421301702,0.04593351467099645,8843.539886563676,0.008299179031481245,1.5946977699274564e7
0.031,0.000744,0.15079383072155836,0.050109286503272295,8843.539195755393,0.009694039034574983,1.489540679476211e7
0.031,0.0008060000000000001,0.15079381832089375,0.05428505775414185,8843.538444876907,0.01121019121009967,1.3955664419284184e7
0.031,0.0008680000000000001,0.1507938049281752,0.05846082837515442,8843.53763392798,0.012847635557617504,1.3114783033449765e7
0.031,0.0009299999999999999,0.15079379054340403,0.06263659831785955,8843.536762908883,0.014606372076655697,1.23604686022072e7
0.031,0.000992,0.15079377516657977,0.0668123675338066,8843.535831819556,0.01648640076670643,1.1681670359662062e7
0.031,0.001054,0.15079375879770213,0.07098813597454487,8843.534840659859,0.018487721627226835,1.1068714405958436e7
0.031,0.0011159999999999998,0.1507937414367706,0.07516390359162378,8843.533789429832,0.020610334657639034,1.051324506173158e7
0.031,0.001178,0.1507937230837859,0.07933967033659267,8843.532678129475,0.022854239857330164,1.000809119038984e7
0.031,0.00124,0.15079370373874856,0.08351543616100097,8843.53150675896,0.025219437225652307,9.547112645983458e6
0.032,0.000448,0.15079387625070953,0.0301733390427348,8843.541952612637,0.004190473045157544,2.0726188491282508e7
0.032,0.000512,0.15079386832254277,0.03448381498299684,8843.541472550467,0.0051598007217264225,1.9243900438479435e7
0.032,0.0005760000000000001,0.1507938593372865,0.03879429049692165,8843.540928479919,0.006258372087603146,1.785386458728696e7
0.032,0.00064,0.15079384929494133,0.04310476553121705,8843.540320401089,0.007486187142449708,1.6587429142532108e7
0.032,0.000704,0.15079383819550804,0.047415240032590907,8843.539648314074,0.008843245885888352,1.5448634402994862e7
0.032,0.000768,0.15079382603898484,0.05172571394775094,8843.538912218632,0.010329548317501533,1.4429925065537691e7
0.032,0.0008320000000000001,0.15079381282537338,0.056036187223405004,8843.538112115,0.01194509443683197,1.3519549614411682e7
0.032,0.000896,0.15079379855467273,0.06034665980626081,8843.537248003027,0.013689884243382586,1.270494574717642e7
0.032,0.00096,0.1507937832268832,0.06465713164302617,8843.53631988276,0.015563917736616566,1.1974203616540892e7
0.032,0.001024,0.15079376684200485,0.06896760268040883,8843.535327754236,0.017567194915957318,1.1316617794032365e7
0.032,0.0010880000000000002,0.1507937494000368,0.07327807286511646,8843.534271617309,0.019699715780788486,1.0722816688484397e7
0.032,0.001152,0.15079373090098006,0.07758854214385681,8843.533151472144,0.021961480330453934,1.0184705735715881e7
0.032,0.001216,0.150793711344835,0.08189901046333764,8843.531967318753,0.024352488564257802,9.695337897980861e6
0.032,0.00128,0.15079369073159998,0.08620947777026647,8843.530719156903,0.026872740481464413,9.248764908359284e6
0.033,0.000462,0.1507938746067506,0.03111625555921512,8843.541853068511,0.004456469854958989,2.009812202500916e7
0.033,0.000528,0.15079386617533128,0.035561433755896474,8843.541342533688,0.005487327115871098,1.8660751770963486e7
0.033,0.0005940000000000001,0.1507938566197215,0.040006611485009405,8843.540763927349,0.006655632010552086,1.73128381933293e7
0.033,0.00066,0.15079384593992293,0.04445178868810787,8843.54011724977,0.00796138453861968,1.6084779553602554e7
0.033,0.000726,0.15079383413593545,0.04889696530674581,8843.53940250094,0.009404584699646636,1.4980493724336492e7
0.033,0.0007920000000000001,0.15079382120775908,0.05334214128247712,8843.53861968085,0.010985232493160742,1.3992654339424402e7
0.033,0.0008580000000000001,0.15079380715539212,0.05778731655685561,8843.537768789265,0.01270332791864478,1.3109865999713179e7
0.033,0.000924,0.1507937919788367,0.0622324910714352,8843.536849826469,0.014558870975536601,1.2319947072692817e7
0.033,0.00099,0.15079377567809168,0.06667766476776973,8843.5358627923,0.016551861663229053,1.1611348618400533e7
0.033,0.001056,0.1507937582531572,0.07112283758741304,8843.534807686805,0.01868229998107003,1.097368961386088e7
0.033,0.0011220000000000002,0.15079373970403392,0.07556800947191897,8843.533684510083,0.020950185928362456,1.0397882456650618e7
0.033,0.001188,0.15079372003072067,0.08001318036284125,8843.532493261919,0.023355519504364233,9.876077871427955e6
0.033,0.0012540000000000001,0.15079369923321795,0.08445835020173363,8843.53123394241,0.025898300708288358,9.401539336869355e6
0.033,0.00132,0.1507936773115259,0.08890351893014996,8843.529906551608,0.02857852953930281,8.968498837306574e6
0.034,0.000476,0.15079387291220753,0.03205917204536265,8843.541750461369,0.004730651180191674,1.9507000633811977e7
0.034,0.0005440000000000001,0.1507938639620512,0.03663905248768972,8843.541208516292,0.005824931242864382,1.8111905958106138e7
0.034,0.0006120000000000001,0.15079385381853921,0.04121893241864105,8843.540594311628,0.007065115312744752,1.6803636874691356e7
0.034,0.00068,0.150793842481674,0.04579881177429474,8843.53990784776,0.008451203389402036,1.561169758305765e7
0.034,0.000748,0.15079382995145388,0.050378690490728725,8843.539149124466,0.009983195472354786,1.4539890723049937e7
0.034,0.0008160000000000001,0.15079381622787846,0.05495856850402095,8843.538318141633,0.01166109156107089,1.3581105414430201e7
0.034,0.0008840000000000001,0.15079380131095027,0.05953844575024951,8843.537414899689,0.01348489165496757,1.2724281411032908e7
0.034,0.000952,0.15079378520066683,0.06411832216549215,8843.536439398222,0.01545459575341133,1.1957595369737236e7
0.034,0.00102,0.15079376789702986,0.068698197685827,8843.535391637537,0.017570203855718055,1.126983802095989e7
0.034,0.0010880000000000002,0.15079374940003848,0.07327807224733185,8843.53427161746,0.019831715961152904,1.0650933668721676e7
0.034,0.0011560000000000001,0.15079372970969196,0.0778579457860845,8843.533079337902,0.02223913206893036,1.0092061990356402e7
0.034,0.001224,0.15079370882599147,0.08243781823816292,8843.531814799006,0.024792452178214252,9.58560457439103e6
0.034,0.001292,0.15079368674893645,0.08701768953964491,8843.530478000754,0.027491676288117738,9.12502303070399e6
0.034,0.00136,0.15079366347852724,0.09159755962660832,8843.52906894316,0.030336804397703285,8.704718991576172e6
0.035,0.0004900000000000001,0.1507938711670825,0.03300208850025826,8843.541644791532,0.00501301702069256,1.8949657611307465e7
0.035,0.0005600000000000001,0.15079386168270326,0.03771667117713092,8843.541070498375,0.006172613102492103,1.7594422757732805e7
0.035,0.0006300000000000001,0.15079385093373965,0.04243125329616643,8843.54041963276,0.007486821993908338,1.6323532769343719e7
0.035,0.0007000000000000001,0.15079383892019232,0.04714583478763503,8843.539692194718,0.008955643694457546,1.5165648862738939e7
0.035,0.0007700000000000001,0.15079382564206137,0.05186041558180709,8843.538888184348,0.01057907820359911,1.4124465031539142e7
0.035,0.0008400000000000001,0.15079381109934695,0.05657499560895287,8843.538007601595,0.012357125520735498,1.31930735629994e7
0.035,0.0009100000000000002,0.150793795292047,0.06128957479934253,8843.537050446183,0.01428978564521225,1.2360730221287956e7
0.035,0.0009800000000000002,0.1507937782201642,0.06600415308324643,8843.536016718532,0.016377058576318045,1.161594946949717e7
0.035,0.0010500000000000002,0.1507937598836979,0.07071873039093478,8843.534906418503,0.01861894431328461,1.0947842306003809e7
0.035,0.0011200000000000001,0.15079374028264705,0.0754333066526777,8843.533719545969,0.021015442855286785,1.0346620909921343e7
0.035,0.0011900000000000003,0.1507937194170123,0.0801478817987454,8843.532456101033,0.023566554201442505,9.80371696929439e6
0.035,0.00126,0.15079369728679273,0.0848624557594079,8843.531116083508,0.026272278350812747,9.31172973985229e6
0.035,0.00133,0.15079367389199028,0.08957702846493552,8843.529699493729,0.029132615302401695,8.864307643848635e6
0.035,0.0014000000000000002,0.1507936492326036,0.09429159984559826,8843.528206331514,0.032147565055156535,8.456012266311191e6
0.036000000000000004,0.000504,0.15079386937137357,0.033945004922982705,8843.541536058729,0.00530356737629374,1.8423278082122263e7
0.036000000000000004,0.000576,0.15079385933728762,0.038794289822974504,8843.540928480053,0.006530372694533707,1.710568862071938e7
0.036000000000000004,0.000648,0.1507938479653227,0.043643574115935314,8843.540239890719,0.007920752053761894,1.5870101107027914e7
0.036000000000000004,0.0007199999999999999,0.15079383525548024,0.04849285772598629,8843.539470291042,0.009474705453436894,1.4744380619677639e7
0.036000000000000004,0.0007919999999999998,0.15079382120775947,0.05334214057724846,8843.53861968083,0.011192232892953598,1.3732118536404721e7
0.036000000000000004,0.000864,0.15079380582216084,0.05819142259384289,8843.537688060156,0.013073334371643203,1.2826599028546525e7
0.036000000000000004,0.000936,0.15079378909868335,0.06304070369989057,8843.536675428892,0.015118009888773197,1.2017376310170773e7
0.036000000000000004,0.001008,0.15079377103732855,0.06788998381951256,8843.535581787286,0.017326259443547404,1.1293283888532503e7
0.036000000000000004,0.0010799999999999998,0.15079375163809527,0.07273926287682975,8843.534407135103,0.019698083035105902,1.0643735232245613e7
0.036000000000000004,0.001152,0.15079373090098344,0.07758854079596314,8843.53315147239,0.022233480662525142,1.0059214404856168e7
0.036000000000000004,0.001224,0.150793708825993,0.0824378175010336,8843.531814799093,0.024932452324817795,9.531391104370758e6
0.036000000000000004,0.0012959999999999998,0.15079368541312466,0.08728709291616209,8843.530397115379,0.027794998020932913,9.053070161873927e6
0.036000000000000004,0.0013679999999999999,0.15079366066237854,0.09213636696546945,8843.528898421215,0.030821117749755836,8.618076432375342e6
0.036000000000000004,0.0014399999999999999,0.15079363457375336,0.09698563957307642,8843.527318716428,0.03401081151010815,8.221122568261365e6
0.037,0.000518,0.15079386752508062,0.03488792131261684,8843.541424262914,0.0056023022468224375,1.7925351501563508e7
0.037,0.000592,0.15079385692580355,0.039871908423974735,8843.540782461092,0.006898210018762231,1.6643372543384088e7
0.037,0.000666,0.15079384491328823,0.04485589487629756,8843.540055085541,0.008366905492016326,1.5441179263751725e7
0.037,0.00074,0.15079383148753653,0.04983988058720593,8843.539242136492,0.010008388665980611,1.4345883628281578e7
0.037,0.0008139999999999999,0.15079381664854818,0.05482386547432038,8843.538343613895,0.01182265953997988,1.3360979955409432e7
0.037,0.000888,0.15079380039632195,0.059807849455261394,8843.537359517612,0.013809718113267864,1.2479933923455847e7
0.037,0.0009620000000000001,0.15079378273085958,0.06479183244764952,8843.536289847856,0.015969564385027227,1.1692582063643951e7
0.037,0.001036,0.1507937636521589,0.06977581436910513,8843.53513460433,0.018302198354369532,1.0988059681564553e7
0.037,0.0011099999999999999,0.1507937431602215,0.07475979513724874,8843.533893787288,0.0208076200203353,1.0356066368927056e7
0.037,0.001184,0.1507937212550476,0.07974377466970081,8843.53256739673,0.02348582938189398,9.787343377398783e6
0.037,0.001258,0.15079369793663558,0.08472775288408153,8843.531155432403,0.026336826437943904,9.27378554580009e6
0.037,0.0013319999999999999,0.15079367320498735,0.08971172969801146,8843.529657894636,0.029360611187312396,8.808392171532372e6
0.037,0.001406,0.15079364706010173,0.09469570502911082,8843.528074783264,0.03255718362875567,8.385155004354054e6
0.037,0.00148,0.1507936195019788,0.09967967879499981,8843.526406098257,0.03592654376095885,7.998929598007463e6
0.038,0.000532,0.15079386562820554,0.03583083766824152,8843.541309404382,0.005909221632101026,1.7453631574821625e7
0.038,0.000608,0.1507938544482515,0.040949526978886014,8843.540632441664,0.007276125074944337,1.6205388884419896e7
0.038,0.000684,0.15079384177763697,0.04606821557560299,8843.539865217259,0.00882528230837441,1.5034832246360458e7
0.038,0.00076,0.1507938276163617,0.05118690336915141,8843.539007731119,0.01055669333171911,1.3968360156286838e7
0.038,0.0008359999999999999,0.15079381196442615,0.05630559027029028,8843.53805998337,0.012470358144227235,1.3009374975909531e7
0.038,0.000912,0.1507937948218304,0.06142427618977857,8843.537021973947,0.014566276745068513,1.2151514340802332e7
0.038,0.0009880000000000002,0.15079377618857315,0.06654296103837508,8843.535893702672,0.016844449133333574,1.1384882242506437e7
0.038,0.001064,0.15079375606465628,0.07166164472683884,8843.534675169889,0.01930487530803401,1.0698899898143673e7
0.038,0.00114,0.15079373445007765,0.07678032716592853,8843.533366375183,0.021947555268102298,1.0083537963122245e7
0.038,0.001216,0.15079371134483954,0.08189900826640319,8843.531967318986,0.024772489012391898,9.52978134092837e6
0.038,0.001292,0.15079368674894061,0.08701768793902145,8843.530478001045,0.02777967653967714,9.029738164083164e6
0.038,0.0013679999999999999,0.15079366066238087,0.09213636609454204,8843.528898421351,0.030969117848653284,8.576591958916165e6
0.038,0.001444,0.15079363308516028,0.09725504264372373,8843.527228579956,0.034340812937936574,8.16449258682754e6
0.038,0.00152,0.15079360401727898,0.1023737174973251,8843.525468476844,0.03789476180606412,7.788430981982321e6
0.039,0.000546,0.15079386368074651,0.036773753988937515,8843.541191482866,0.006224325531946992,1.7006102410595648e7
0.039,0.000624,0.1507938519046315,0.04202714548646268,8843.540478421706,0.0076641178628402825,1.5789865921059638e7
0.039,0.000702,0.15079383855836764,0.04728053621220136,8843.539670285722,0.009295882502530753,1.4649323532610169e7
0.039,0.00078,0.15079382364195568,0.052533926069680194,8843.538767074995,0.011119619450272674,1.3610196856814303e7
0.039,0.0008579999999999999,0.15079380715539484,0.05778731496242575,8843.537768789434,0.013135328705232598,1.2675801015625926e7
0.039,0.000936,0.15079378909868543,0.0630407027939646,8843.536675429066,0.015343010266489338,1.183993678090461e7
0.039,0.0010140000000000001,0.15079376947182746,0.0682940894678233,8843.535486993898,0.01774266413303397,1.109296189126568e7
0.039,0.001092,0.15079374827482014,0.07354747488752825,8843.534203483836,0.02033429030376984,1.042456881300292e7
0.039,0.00117,0.15079372550766432,0.07880085895660596,8843.532824898935,0.02311788877751256,9.824985363879787e6
0.039,0.001248,0.15079370117035942,0.08405424157858286,8843.531351239193,0.026093459552990025,9.285427604242792e6
0.039,0.0013260000000000001,0.15079367526290638,0.08930762265698533,8843.529782504691,0.029261002628842403,8.798206022215147e6
0.039,0.0014039999999999999,0.15079364778530427,0.09456100209533964,8843.528118695347,0.03262051800362207,8.356678925447846e6
0.039,0.001482,0.15079361873755343,0.09981437979717213,8843.526359811152,0.036172005675793775,7.955146178930621e6
0.039,0.00156,0.1507935881196542,0.10506775566600905,8843.52450585224,0.03991546564373445,7.588727154392611e6
0.04,0.0005600000000000001,0.15079386168270392,0.03771667027378569,8843.54107049842,0.006547613946172962,1.6580949701109884e7
0.04,0.00064,0.15079384929494372,0.04310476394545912,8843.540320401311,0.008062188382203938,1.5395119102484908e7
0.04,0.00072,0.15079383525548185,0.04849285678444257,8843.539470291173,0.00977870607417184,1.428309025060898e7
0.04,0.0008,0.15079381956431823,0.05388094868664973,8843.538520168038,0.011697167021251474,1.3269941716480006e7
0.04,0.0008799999999999999,0.15079380222145364,0.05926903954799426,8843.537470032014,0.013817571222520555,1.2358905746760063e7
0.04,0.00096,0.150793783226888,0.06465712926438982,8843.536319883122,0.016139918676959734,1.1543938093661861e7
0.04,0.0010400000000000001,0.1507937625806196,0.07004521773174985,8843.535069721045,0.018664209383452535,1.0815637550446408e7
0.04,0.0011200000000000001,0.1507937402826503,0.07543330484598795,8843.533719546105,0.021390443340785444,1.016395427433572e7
0.04,0.0012,0.15079371633298,0.08082139050301769,8843.532269358282,0.024318620547647857,9.579360386127077e6
0.04,0.00128,0.15079369073160767,0.08620947459875239,8843.530719157396,0.027448741002632077,9.053291545479184e6
0.04,0.00136,0.1507936634785336,0.09159755702910545,8843.52906894351,0.030780804704233316,8.578250477967007e6
0.04,0.0014399999999999999,0.15079363457375888,0.09698563768999036,8843.52731871681,0.034314811650849736,8.147761533326875e6
0.04,0.00152,0.1507936040172813,0.10237371647732019,8843.52546847694,0.0380507618407824,7.7562670806370545e6
0.04,0.0016,0.15079357180910347,0.10776179328700836,8843.523518224276,0.04198865527223528,7.39900850668027e6
